run_id,policy,trace_seed,repeat_index,request_id,first_selection_order_all,finish_order_all,first_selection_order_long,finish_order_long,queue_wait_ms,ttft_ms,e2e_latency_ms
formal-mixed-v1-seed101-rep0-baseline,baseline,101,0,formal-101-000001,1,1,1,1,0.041332,31.985728,505.338499
formal-mixed-v1-seed101-rep0-baseline,baseline,101,0,formal-101-000002,2,2,2,2,31.850076,62.025258,1006.010747
formal-mixed-v1-seed101-rep0-baseline,baseline,101,0,formal-101-000003,3,3,3,3,61.904125,96.049016,1510.11953
formal-mixed-v1-seed101-rep0-baseline,baseline,101,0,formal-101-000006,6,6,4,4,53.141949,101.065296,2765.286268
formal-mixed-v1-seed101-rep0-baseline,baseline,101,0,formal-101-000008,8,8,5,5,26.361216,56.116268,3494.139867
formal-mixed-v1-seed101-rep0-baseline,baseline,101,0,formal-101-000011,11,11,6,6,25.653409,66.525455,4482.372924
formal-mixed-v1-seed101-rep0-baseline,baseline,101,0,formal-101-000014,14,14,7,7,25.564222,56.342127,5265.816702
formal-mixed-v1-seed101-rep0-baseline,baseline,101,0,formal-101-000016,16,16,8,8,0.025096,38.058051,5657.106203
formal-mixed-v1-seed101-rep0-baseline,baseline,101,0,formal-101-000019,19,19,9,9,0.023583,40.964516,6374.162766
formal-mixed-v1-seed101-rep0-baseline,baseline,101,0,formal-101-000020,20,20,10,10,33.833403,68.214217,6686.669871
formal-mixed-v1-seed101-rep0-baseline,baseline,101,0,formal-101-000023,23,23,11,11,24.807943,68.751869,7423.39907
formal-mixed-v1-seed101-rep0-baseline,baseline,101,0,formal-101-000027,27,27,12,12,51.034005,83.531998,8466.894373
formal-mixed-v1-seed101-rep0-baseline,baseline,101,0,formal-101-000030,30,30,13,13,64.565458,102.087334,9203.372442
formal-mixed-v1-seed101-rep0-baseline,baseline,101,0,formal-101-000036,36,36,14,14,54.457756,85.904953,10628.396137
formal-mixed-v1-seed101-rep0-baseline,baseline,101,0,formal-101-000037,37,37,15,15,0.022483,45.329354,10691.271424
formal-mixed-v1-seed101-rep0-baseline,baseline,101,0,formal-101-000040,40,40,16,16,0.025174,38.345901,11413.971494
formal-mixed-v1-seed101-rep0-baseline,baseline,101,0,formal-101-000045,45,45,17,17,53.894551,96.06006,12763.012978
formal-mixed-v1-seed101-rep0-baseline,baseline,101,0,formal-101-000046,46,46,18,18,0.021991,30.086995,12850.852339
formal-mixed-v1-seed101-rep0-baseline,baseline,101,0,formal-101-000053,53,53,19,19,25.647961,57.796919,14595.988488
formal-mixed-v1-seed101-rep0-baseline,baseline,101,0,formal-101-000059,59,59,20,20,479.752846,518.127065,16063.650998
formal-mixed-v1-seed202-rep0-baseline,baseline,202,0,formal-202-000005,5,5,1,1,26.668358,54.995138,2240.017816
formal-mixed-v1-seed202-rep0-baseline,baseline,202,0,formal-202-000011,11,11,2,2,25.962563,61.899408,4721.186584
formal-mixed-v1-seed202-rep0-baseline,baseline,202,0,formal-202-000012,12,12,3,3,53.974699,94.228452,5080.311242
formal-mixed-v1-seed202-rep0-baseline,baseline,202,0,formal-202-000016,16,16,4,4,0.024198,39.081127,5946.475646
formal-mixed-v1-seed202-rep0-baseline,baseline,202,0,formal-202-000021,21,21,5,5,53.458401,90.416244,7385.094655
formal-mixed-v1-seed202-rep0-baseline,baseline,202,0,formal-202-000028,28,28,6,6,0.022651,39.27482,9124.653245
formal-mixed-v1-seed202-rep0-baseline,baseline,202,0,formal-202-000029,29,29,7,7,28.56186,68.194534,9545.072395
formal-mixed-v1-seed202-rep0-baseline,baseline,202,0,formal-202-000033,33,33,8,8,52.65414,98.034041,10683.866282
formal-mixed-v1-seed202-rep0-baseline,baseline,202,0,formal-202-000035,35,35,9,9,27.63273,60.665154,11156.363705
formal-mixed-v1-seed202-rep0-baseline,baseline,202,0,formal-202-000036,36,36,10,10,54.70018,89.713389,11520.736073
formal-mixed-v1-seed202-rep0-baseline,baseline,202,0,formal-202-000037,37,37,11,11,0.037629,77.847915,11629.427319
formal-mixed-v1-seed202-rep0-baseline,baseline,202,0,formal-202-000038,38,38,12,12,47.312804,127.645944,11995.071021
formal-mixed-v1-seed202-rep0-baseline,baseline,202,0,formal-202-000039,39,39,13,13,97.134668,176.000715,12360.619707
formal-mixed-v1-seed202-rep0-baseline,baseline,202,0,formal-202-000041,41,41,14,14,50.660637,112.871456,12873.822378
formal-mixed-v1-seed202-rep0-baseline,baseline,202,0,formal-202-000044,44,44,15,15,27.911156,55.221094,13727.223067
formal-mixed-v1-seed202-rep0-baseline,baseline,202,0,formal-202-000048,48,48,16,16,53.683902,101.604863,14887.73422
formal-mixed-v1-seed202-rep0-baseline,baseline,202,0,formal-202-000053,53,53,17,17,30.880435,66.986163,16153.645415
formal-mixed-v1-seed202-rep0-baseline,baseline,202,0,formal-202-000054,54,54,18,18,59.747052,93.35943,16529.783625
formal-mixed-v1-seed202-rep0-baseline,baseline,202,0,formal-202-000058,58,58,19,19,349.814315,389.14292,17562.282633
formal-mixed-v1-seed202-rep0-baseline,baseline,202,0,formal-202-000060,60,60,20,20,1073.642408,1114.190478,18273.511645
formal-mixed-v1-seed303-rep0-baseline,baseline,303,0,formal-303-000005,5,5,1,1,28.266795,67.112801,2230.205681
formal-mixed-v1-seed303-rep0-baseline,baseline,303,0,formal-303-000010,10,10,2,2,0.024373,46.705827,4143.460036
formal-mixed-v1-seed303-rep0-baseline,baseline,303,0,formal-303-000012,12,12,3,3,52.635549,98.425748,4839.746588
formal-mixed-v1-seed303-rep0-baseline,baseline,303,0,formal-303-000013,13,13,4,4,0.02328,34.337155,4946.867459
formal-mixed-v1-seed303-rep0-baseline,baseline,303,0,formal-303-000015,15,15,5,5,57.705975,90.07324,5593.503844
formal-mixed-v1-seed303-rep0-baseline,baseline,303,0,formal-303-000017,17,17,6,6,30.524442,77.17968,6006.120769
formal-mixed-v1-seed303-rep0-baseline,baseline,303,0,formal-303-000018,18,18,7,7,60.769674,108.221945,6320.691709
formal-mixed-v1-seed303-rep0-baseline,baseline,303,0,formal-303-000019,19,19,8,8,0.023416,40.491979,6389.834778
formal-mixed-v1-seed303-rep0-baseline,baseline,303,0,formal-303-000023,23,23,9,9,26.306746,71.821125,7477.942362
formal-mixed-v1-seed303-rep0-baseline,baseline,303,0,formal-303-000025,25,25,10,10,0.022099,30.891523,7864.117477
formal-mixed-v1-seed303-rep0-baseline,baseline,303,0,formal-303-000027,27,27,11,11,55.834727,85.236118,8511.679192
formal-mixed-v1-seed303-rep0-baseline,baseline,303,0,formal-303-000029,29,29,12,12,26.561644,57.569513,8954.048525
formal-mixed-v1-seed303-rep0-baseline,baseline,303,0,formal-303-000033,33,33,13,13,61.266781,100.772739,10016.912976
formal-mixed-v1-seed303-rep0-baseline,baseline,303,0,formal-303-000038,38,38,14,14,24.561837,61.3248,11151.988244
formal-mixed-v1-seed303-rep0-baseline,baseline,303,0,formal-303-000041,41,41,15,15,25.98646,56.667393,11872.535151
formal-mixed-v1-seed303-rep0-baseline,baseline,303,0,formal-303-000043,43,43,16,16,0.022352,43.750485,12312.807194
formal-mixed-v1-seed303-rep0-baseline,baseline,303,0,formal-303-000044,44,44,17,17,29.216253,72.567641,12636.478158
formal-mixed-v1-seed303-rep0-baseline,baseline,303,0,formal-303-000045,45,45,18,18,58.044496,101.460381,12966.455698
formal-mixed-v1-seed303-rep0-baseline,baseline,303,0,formal-303-000052,52,52,19,19,0.021779,34.795811,14489.130026
formal-mixed-v1-seed303-rep0-baseline,baseline,303,0,formal-303-000058,58,58,20,20,126.253637,174.137997,15962.449099
formal-mixed-v1-seed101-rep1-baseline,baseline,101,1,formal-101-000001,1,1,1,1,0.038466,32.08566,503.806319
formal-mixed-v1-seed101-rep1-baseline,baseline,101,1,formal-101-000002,2,2,2,2,32.003396,61.602087,992.05835
formal-mixed-v1-seed101-rep1-baseline,baseline,101,1,formal-101-000003,3,3,3,3,61.537067,90.674561,1522.584768
formal-mixed-v1-seed101-rep1-baseline,baseline,101,1,formal-101-000006,6,6,4,4,58.450984,100.16588,2768.029256
formal-mixed-v1-seed101-rep1-baseline,baseline,101,1,formal-101-000008,8,8,5,5,29.317616,74.346986,3487.676959
formal-mixed-v1-seed101-rep1-baseline,baseline,101,1,formal-101-000011,11,11,6,6,27.616223,69.85326,4481.583368
formal-mixed-v1-seed101-rep1-baseline,baseline,101,1,formal-101-000014,14,14,7,7,25.956578,63.430682,5259.455199
formal-mixed-v1-seed101-rep1-baseline,baseline,101,1,formal-101-000016,16,16,8,8,0.02221,34.630071,5658.709444
formal-mixed-v1-seed101-rep1-baseline,baseline,101,1,formal-101-000019,19,19,9,9,0.085863,61.385065,6409.895675
formal-mixed-v1-seed101-rep1-baseline,baseline,101,1,formal-101-000020,20,20,10,10,40.490531,101.289716,6735.541353
formal-mixed-v1-seed101-rep1-baseline,baseline,101,1,formal-101-000023,23,23,11,11,26.702135,70.791215,7474.953576
formal-mixed-v1-seed101-rep1-baseline,baseline,101,1,formal-101-000027,27,27,12,12,50.960755,90.483513,8602.623887
formal-mixed-v1-seed101-rep1-baseline,baseline,101,1,formal-101-000030,30,30,13,13,53.307469,81.377167,9326.959961
formal-mixed-v1-seed101-rep1-baseline,baseline,101,1,formal-101-000036,36,36,14,14,51.640186,99.136839,10861.437657
formal-mixed-v1-seed101-rep1-baseline,baseline,101,1,formal-101-000037,37,37,15,15,0.022071,45.180201,10931.309371
formal-mixed-v1-seed101-rep1-baseline,baseline,101,1,formal-101-000040,40,40,16,16,0.021949,28.550854,11667.239784
formal-mixed-v1-seed101-rep1-baseline,baseline,101,1,formal-101-000045,45,45,17,17,50.725581,84.381916,13044.271615
formal-mixed-v1-seed101-rep1-baseline,baseline,101,1,formal-101-000046,46,46,18,18,0.023042,32.966721,13137.685876
formal-mixed-v1-seed101-rep1-baseline,baseline,101,1,formal-101-000053,53,53,19,19,29.78656,60.285305,14926.807575
formal-mixed-v1-seed101-rep1-baseline,baseline,101,1,formal-101-000059,59,59,20,20,479.652812,515.852819,16412.444748
formal-mixed-v1-seed202-rep1-baseline,baseline,202,1,formal-202-000005,5,5,1,1,25.825056,73.179183,2135.081593
formal-mixed-v1-seed202-rep1-baseline,baseline,202,1,formal-202-000011,11,11,2,2,25.483919,60.129469,4342.645567
formal-mixed-v1-seed202-rep1-baseline,baseline,202,1,formal-202-000012,12,12,3,3,52.660266,86.058837,4689.879236
formal-mixed-v1-seed202-rep1-baseline,baseline,202,1,formal-202-000016,16,16,4,4,0.023939,43.866535,5509.519087
formal-mixed-v1-seed202-rep1-baseline,baseline,202,1,formal-202-000021,21,21,5,5,51.835168,85.297845,6858.816763
formal-mixed-v1-seed202-rep1-baseline,baseline,202,1,formal-202-000028,28,28,6,6,0.024002,38.563798,8354.786082
formal-mixed-v1-seed202-rep1-baseline,baseline,202,1,formal-202-000029,29,29,7,7,27.870911,65.221272,8673.726712
formal-mixed-v1-seed202-rep1-baseline,baseline,202,1,formal-202-000033,33,33,8,8,53.220253,88.544767,9702.023999
formal-mixed-v1-seed202-rep1-baseline,baseline,202,1,formal-202-000035,35,35,9,9,26.227725,60.096652,10109.546009
formal-mixed-v1-seed202-rep1-baseline,baseline,202,1,formal-202-000036,36,36,10,10,54.210664,86.396669,10428.956131
formal-mixed-v1-seed202-rep1-baseline,baseline,202,1,formal-202-000037,37,37,11,11,0.025899,48.21803,10491.512333
formal-mixed-v1-seed202-rep1-baseline,baseline,202,1,formal-202-000038,38,38,12,12,25.49127,73.783125,10818.051613
formal-mixed-v1-seed202-rep1-baseline,baseline,202,1,formal-202-000039,39,39,13,13,51.066079,101.088577,11150.939146
formal-mixed-v1-seed202-rep1-baseline,baseline,202,1,formal-202-000041,41,41,14,14,25.412002,53.81644,11553.856623
formal-mixed-v1-seed202-rep1-baseline,baseline,202,1,formal-202-000044,44,44,15,15,26.583856,55.498809,12250.955626
formal-mixed-v1-seed202-rep1-baseline,baseline,202,1,formal-202-000048,48,48,16,16,52.599933,87.416794,13289.393497
formal-mixed-v1-seed202-rep1-baseline,baseline,202,1,formal-202-000053,53,53,17,17,26.960531,55.07249,14391.112019
formal-mixed-v1-seed202-rep1-baseline,baseline,202,1,formal-202-000054,54,54,18,18,52.951273,80.914625,14714.491965
formal-mixed-v1-seed202-rep1-baseline,baseline,202,1,formal-202-000058,58,58,19,19,0.027916,52.988898,15505.128004
formal-mixed-v1-seed202-rep1-baseline,baseline,202,1,formal-202-000060,60,60,20,20,669.937351,720.601586,16139.524882
formal-mixed-v1-seed303-rep1-baseline,baseline,303,1,formal-303-000005,5,5,1,1,25.978392,67.519131,2269.650354
formal-mixed-v1-seed303-rep1-baseline,baseline,303,1,formal-303-000010,10,10,2,2,0.027207,35.808844,4233.704743
formal-mixed-v1-seed303-rep1-baseline,baseline,303,1,formal-303-000012,12,12,3,3,57.168218,88.807659,4983.26512
formal-mixed-v1-seed303-rep1-baseline,baseline,303,1,formal-303-000013,13,13,4,4,0.023467,40.794543,5087.237902
formal-mixed-v1-seed303-rep1-baseline,baseline,303,1,formal-303-000015,15,15,5,5,58.820655,102.561628,5765.969241
formal-mixed-v1-seed303-rep1-baseline,baseline,303,1,formal-303-000017,17,17,6,6,25.701245,69.213077,6196.059561
formal-mixed-v1-seed303-rep1-baseline,baseline,303,1,formal-303-000018,18,18,7,7,52.555866,95.416795,6529.924027
formal-mixed-v1-seed303-rep1-baseline,baseline,303,1,formal-303-000019,19,19,8,8,0.024007,48.500046,6614.577609
formal-mixed-v1-seed303-rep1-baseline,baseline,303,1,formal-303-000023,23,23,9,9,27.911625,54.830531,7711.296217
formal-mixed-v1-seed303-rep1-baseline,baseline,303,1,formal-303-000025,25,25,10,10,0.02095,30.081019,8157.694416
formal-mixed-v1-seed303-rep1-baseline,baseline,303,1,formal-303-000027,27,27,11,11,58.145554,86.919916,8816.557253
formal-mixed-v1-seed303-rep1-baseline,baseline,303,1,formal-303-000029,29,29,12,12,26.064772,61.938876,9255.501099
formal-mixed-v1-seed303-rep1-baseline,baseline,303,1,formal-303-000033,33,33,13,13,52.202058,101.143088,10344.419372
formal-mixed-v1-seed303-rep1-baseline,baseline,303,1,formal-303-000038,38,38,14,14,28.091973,77.893499,11541.047662
formal-mixed-v1-seed303-rep1-baseline,baseline,303,1,formal-303-000041,41,41,15,15,31.945853,69.429229,12298.14009
formal-mixed-v1-seed303-rep1-baseline,baseline,303,1,formal-303-000043,43,43,16,16,0.039135,46.639298,12759.879758
formal-mixed-v1-seed303-rep1-baseline,baseline,303,1,formal-303-000044,44,44,17,17,29.005064,76.383992,13089.640279
formal-mixed-v1-seed303-rep1-baseline,baseline,303,1,formal-303-000045,45,45,18,18,58.751146,105.332068,13443.670527
formal-mixed-v1-seed303-rep1-baseline,baseline,303,1,formal-303-000052,52,52,19,19,0.02283,32.854744,15071.577969
formal-mixed-v1-seed303-rep1-baseline,baseline,303,1,formal-303-000058,58,58,20,20,221.287582,265.360702,16612.171498
formal-mixed-v1-seed101-rep2-baseline,baseline,101,2,formal-101-000001,1,1,1,1,0.036074,31.534559,494.664148
formal-mixed-v1-seed101-rep2-baseline,baseline,101,2,formal-101-000002,2,2,2,2,31.480518,61.290524,986.136462
formal-mixed-v1-seed101-rep2-baseline,baseline,101,2,formal-101-000003,3,3,3,3,61.242133,91.330822,1460.728938
formal-mixed-v1-seed101-rep2-baseline,baseline,101,2,formal-101-000006,6,6,4,4,50.20663,84.974666,2625.716897
formal-mixed-v1-seed101-rep2-baseline,baseline,101,2,formal-101-000008,8,8,5,5,26.683839,65.506117,3253.56713
formal-mixed-v1-seed101-rep2-baseline,baseline,101,2,formal-101-000011,11,11,6,6,26.943018,74.280121,4319.053088
formal-mixed-v1-seed101-rep2-baseline,baseline,101,2,formal-101-000014,14,14,7,7,25.738891,59.536168,5093.59166
formal-mixed-v1-seed101-rep2-baseline,baseline,101,2,formal-101-000016,16,16,8,8,0.019194,28.876289,5479.211431
formal-mixed-v1-seed101-rep2-baseline,baseline,101,2,formal-101-000019,19,19,9,9,0.01984,43.531752,6202.104761
formal-mixed-v1-seed101-rep2-baseline,baseline,101,2,formal-101-000020,20,20,10,10,25.728617,70.274543,6546.667627
formal-mixed-v1-seed101-rep2-baseline,baseline,101,2,formal-101-000023,23,23,11,11,25.62728,67.229294,7244.783931
formal-mixed-v1-seed101-rep2-baseline,baseline,101,2,formal-101-000027,27,27,12,12,51.434146,91.180615,8276.470949
formal-mixed-v1-seed101-rep2-baseline,baseline,101,2,formal-101-000030,30,30,13,13,51.631855,85.255989,8995.599816
formal-mixed-v1-seed101-rep2-baseline,baseline,101,2,formal-101-000036,36,36,14,14,55.973568,87.514994,10439.304482
formal-mixed-v1-seed101-rep2-baseline,baseline,101,2,formal-101-000037,37,37,15,15,0.022328,40.043298,10518.72988
formal-mixed-v1-seed101-rep2-baseline,baseline,101,2,formal-101-000040,40,40,16,16,0.022038,44.014313,11238.973109
formal-mixed-v1-seed101-rep2-baseline,baseline,101,2,formal-101-000045,45,45,17,17,53.657902,95.295938,12607.626749
formal-mixed-v1-seed101-rep2-baseline,baseline,101,2,formal-101-000046,46,46,18,18,0.022156,33.052212,12672.868552
formal-mixed-v1-seed101-rep2-baseline,baseline,101,2,formal-101-000053,53,53,19,19,32.776953,74.36592,14477.370612
formal-mixed-v1-seed101-rep2-baseline,baseline,101,2,formal-101-000059,59,59,20,20,306.852746,352.882489,15972.690576
formal-mixed-v1-seed202-rep2-baseline,baseline,202,2,formal-202-000005,5,5,1,1,28.480874,73.861976,2198.552258
formal-mixed-v1-seed202-rep2-baseline,baseline,202,2,formal-202-000011,11,11,2,2,29.3648,60.968853,4430.072455
formal-mixed-v1-seed202-rep2-baseline,baseline,202,2,formal-202-000012,12,12,3,3,57.724382,90.544565,4789.675515
formal-mixed-v1-seed202-rep2-baseline,baseline,202,2,formal-202-000016,16,16,4,4,0.060705,50.851349,5611.771674
formal-mixed-v1-seed202-rep2-baseline,baseline,202,2,formal-202-000021,21,21,5,5,52.198359,93.040388,6982.487159
formal-mixed-v1-seed202-rep2-baseline,baseline,202,2,formal-202-000028,28,28,6,6,0.02372,37.323001,8515.545814
formal-mixed-v1-seed202-rep2-baseline,baseline,202,2,formal-202-000029,29,29,7,7,32.144842,65.608658,8847.234656
formal-mixed-v1-seed202-rep2-baseline,baseline,202,2,formal-202-000033,33,33,8,8,52.1848,95.528625,9896.909056
formal-mixed-v1-seed202-rep2-baseline,baseline,202,2,formal-202-000035,35,35,9,9,28.140183,70.362654,10292.921817
formal-mixed-v1-seed202-rep2-baseline,baseline,202,2,formal-202-000036,36,36,10,10,55.193032,100.349566,10618.332107
formal-mixed-v1-seed202-rep2-baseline,baseline,202,2,formal-202-000037,37,37,11,11,0.023118,30.534347,10704.621352
formal-mixed-v1-seed202-rep2-baseline,baseline,202,2,formal-202-000038,38,38,12,12,26.16974,66.364445,11034.162169
formal-mixed-v1-seed202-rep2-baseline,baseline,202,2,formal-202-000039,39,39,13,13,62.009326,93.767408,11368.873799
formal-mixed-v1-seed202-rep2-baseline,baseline,202,2,formal-202-000041,41,41,14,14,29.633503,65.598473,11764.843075
formal-mixed-v1-seed202-rep2-baseline,baseline,202,2,formal-202-000044,44,44,15,15,25.796902,62.564743,12495.244836
formal-mixed-v1-seed202-rep2-baseline,baseline,202,2,formal-202-000048,48,48,16,16,52.127669,103.913992,13577.221842
formal-mixed-v1-seed202-rep2-baseline,baseline,202,2,formal-202-000053,53,53,17,17,26.775383,70.806424,14686.560144
formal-mixed-v1-seed202-rep2-baseline,baseline,202,2,formal-202-000054,54,54,18,18,53.703,100.266072,15018.797759
formal-mixed-v1-seed202-rep2-baseline,baseline,202,2,formal-202-000058,58,58,19,19,66.415866,96.400995,15830.301501
formal-mixed-v1-seed202-rep2-baseline,baseline,202,2,formal-202-000060,60,60,20,20,788.963813,818.355803,16479.660942
formal-mixed-v1-seed303-rep2-baseline,baseline,303,2,formal-303-000005,5,5,1,1,26.929412,54.81211,2497.078773
formal-mixed-v1-seed303-rep2-baseline,baseline,303,2,formal-303-000010,10,10,2,2,0.024764,37.019858,4264.477877
formal-mixed-v1-seed303-rep2-baseline,baseline,303,2,formal-303-000012,12,12,3,3,55.984966,96.154704,4959.051895
formal-mixed-v1-seed303-rep2-baseline,baseline,303,2,formal-303-000013,13,13,4,4,0.024834,42.977805,5070.36367
formal-mixed-v1-seed303-rep2-baseline,baseline,303,2,formal-303-000015,15,15,5,5,52.178154,93.050729,5780.284873
formal-mixed-v1-seed303-rep2-baseline,baseline,303,2,formal-303-000017,17,17,6,6,25.571131,75.834738,6165.635949
formal-mixed-v1-seed303-rep2-baseline,baseline,303,2,formal-303-000018,18,18,7,7,53.432901,105.217331,6485.439749
formal-mixed-v1-seed303-rep2-baseline,baseline,303,2,formal-303-000019,19,19,8,8,0.04012,36.05355,6548.812852
formal-mixed-v1-seed303-rep2-baseline,baseline,303,2,formal-303-000023,23,23,9,9,29.813098,80.269033,7558.734848
formal-mixed-v1-seed303-rep2-baseline,baseline,303,2,formal-303-000025,25,25,10,10,0.02346,26.825242,7970.617661
formal-mixed-v1-seed303-rep2-baseline,baseline,303,2,formal-303-000027,27,27,11,11,51.137103,80.717771,8607.665737
formal-mixed-v1-seed303-rep2-baseline,baseline,303,2,formal-303-000029,29,29,12,12,36.388504,77.989206,8996.064165
formal-mixed-v1-seed303-rep2-baseline,baseline,303,2,formal-303-000033,33,33,13,13,75.171602,119.771184,10004.562653
formal-mixed-v1-seed303-rep2-baseline,baseline,303,2,formal-303-000038,38,38,14,14,26.285182,54.953366,11184.499887
formal-mixed-v1-seed303-rep2-baseline,baseline,303,2,formal-303-000041,41,41,15,15,27.922296,60.410828,11897.099131
formal-mixed-v1-seed303-rep2-baseline,baseline,303,2,formal-303-000043,43,43,16,16,0.025408,40.152312,12262.847589
formal-mixed-v1-seed303-rep2-baseline,baseline,303,2,formal-303-000044,44,44,17,17,28.081556,66.397221,12592.797056
formal-mixed-v1-seed303-rep2-baseline,baseline,303,2,formal-303-000045,45,45,18,18,54.331639,93.131976,12915.281233
formal-mixed-v1-seed303-rep2-baseline,baseline,303,2,formal-303-000052,52,52,19,19,0.021445,35.465377,14405.553684
formal-mixed-v1-seed303-rep2-baseline,baseline,303,2,formal-303-000058,58,58,20,20,260.535102,294.392332,15902.639815
formal-mixed-v1-seed101-rep3-baseline,baseline,101,3,formal-101-000001,1,1,1,1,0.036116,31.502695,492.790987
formal-mixed-v1-seed101-rep3-baseline,baseline,101,3,formal-101-000002,2,2,2,2,31.446143,61.786914,999.307904
formal-mixed-v1-seed101-rep3-baseline,baseline,101,3,formal-101-000003,3,3,3,3,61.724024,91.524424,1504.53709
formal-mixed-v1-seed101-rep3-baseline,baseline,101,3,formal-101-000006,6,6,4,4,53.542492,92.78065,2702.123712
formal-mixed-v1-seed101-rep3-baseline,baseline,101,3,formal-101-000008,8,8,5,5,25.040666,63.117949,3416.03035
formal-mixed-v1-seed101-rep3-baseline,baseline,101,3,formal-101-000011,11,11,6,6,27.043538,71.819186,4402.244455
formal-mixed-v1-seed101-rep3-baseline,baseline,101,3,formal-101-000014,14,14,7,7,26.768153,65.820408,5183.551091
formal-mixed-v1-seed101-rep3-baseline,baseline,101,3,formal-101-000016,16,16,8,8,0.022538,44.137804,5574.774206
formal-mixed-v1-seed101-rep3-baseline,baseline,101,3,formal-101-000019,19,19,9,9,0.02161,29.444706,6292.524924
formal-mixed-v1-seed101-rep3-baseline,baseline,101,3,formal-101-000020,20,20,10,10,24.098448,53.982894,6610.549068
formal-mixed-v1-seed101-rep3-baseline,baseline,101,3,formal-101-000023,23,23,11,11,27.696479,76.953951,7353.294238
formal-mixed-v1-seed101-rep3-baseline,baseline,101,3,formal-101-000027,27,27,12,12,53.161169,93.809416,8405.465935
formal-mixed-v1-seed101-rep3-baseline,baseline,101,3,formal-101-000030,30,30,13,13,56.904082,95.298287,9143.011406
formal-mixed-v1-seed101-rep3-baseline,baseline,101,3,formal-101-000036,36,36,14,14,53.839306,93.713722,10561.30628
formal-mixed-v1-seed101-rep3-baseline,baseline,101,3,formal-101-000037,37,37,15,15,0.022005,29.778797,10638.552756
formal-mixed-v1-seed101-rep3-baseline,baseline,101,3,formal-101-000040,40,40,16,16,0.02143,38.31614,11343.670325
formal-mixed-v1-seed101-rep3-baseline,baseline,101,3,formal-101-000045,45,45,17,17,52.545491,88.710257,12707.156836
formal-mixed-v1-seed101-rep3-baseline,baseline,101,3,formal-101-000046,46,46,18,18,0.021762,46.697413,12778.618311
formal-mixed-v1-seed101-rep3-baseline,baseline,101,3,formal-101-000053,53,53,19,19,27.644434,76.078263,14545.096586
formal-mixed-v1-seed101-rep3-baseline,baseline,101,3,formal-101-000059,59,59,20,20,389.570339,433.528086,16005.993732
formal-mixed-v1-seed202-rep3-baseline,baseline,202,3,formal-202-000005,5,5,1,1,26.027863,57.539244,2259.832823
formal-mixed-v1-seed202-rep3-baseline,baseline,202,3,formal-202-000011,11,11,2,2,29.587527,65.553722,4542.316708
formal-mixed-v1-seed202-rep3-baseline,baseline,202,3,formal-202-000012,12,12,3,3,58.93658,93.247247,4880.592557
formal-mixed-v1-seed202-rep3-baseline,baseline,202,3,formal-202-000016,16,16,4,4,0.021785,45.427034,5684.54818
formal-mixed-v1-seed202-rep3-baseline,baseline,202,3,formal-202-000021,21,21,5,5,53.994137,96.485549,7065.945431
formal-mixed-v1-seed202-rep3-baseline,baseline,202,3,formal-202-000028,28,28,6,6,0.029457,37.234741,8549.585375
formal-mixed-v1-seed202-rep3-baseline,baseline,202,3,formal-202-000029,29,29,7,7,26.704995,62.423764,8867.759324
formal-mixed-v1-seed202-rep3-baseline,baseline,202,3,formal-202-000033,33,33,8,8,99.291771,140.220301,9898.886909
formal-mixed-v1-seed202-rep3-baseline,baseline,202,3,formal-202-000035,35,35,9,9,25.902586,66.356595,10277.98683
formal-mixed-v1-seed202-rep3-baseline,baseline,202,3,formal-202-000036,36,36,10,10,52.214274,93.157392,10599.850803
formal-mixed-v1-seed202-rep3-baseline,baseline,202,3,formal-202-000037,37,37,11,11,0.023519,37.351674,10658.619128
formal-mixed-v1-seed202-rep3-baseline,baseline,202,3,formal-202-000038,38,38,12,12,26.684567,64.444314,10987.967524
formal-mixed-v1-seed202-rep3-baseline,baseline,202,3,formal-202-000039,39,39,13,13,53.788284,93.689084,11334.853503
formal-mixed-v1-seed202-rep3-baseline,baseline,202,3,formal-202-000041,41,41,14,14,25.617377,67.754748,11708.154918
formal-mixed-v1-seed202-rep3-baseline,baseline,202,3,formal-202-000044,44,44,15,15,25.577463,62.993329,12412.43785
formal-mixed-v1-seed202-rep3-baseline,baseline,202,3,formal-202-000048,48,48,16,16,58.652503,104.433133,13462.996816
formal-mixed-v1-seed202-rep3-baseline,baseline,202,3,formal-202-000053,53,53,17,17,25.934784,65.625973,14548.482644
formal-mixed-v1-seed202-rep3-baseline,baseline,202,3,formal-202-000054,54,54,18,18,51.812396,94.02646,14866.364166
formal-mixed-v1-seed202-rep3-baseline,baseline,202,3,formal-202-000058,58,58,19,19,185.434047,225.925885,15630.681766
formal-mixed-v1-seed202-rep3-baseline,baseline,202,3,formal-202-000060,60,60,20,20,872.64449,913.062855,16265.73865
formal-mixed-v1-seed303-rep3-baseline,baseline,303,3,formal-303-000005,5,5,1,1,32.214326,67.231446,2176.544687
formal-mixed-v1-seed303-rep3-baseline,baseline,303,3,formal-303-000010,10,10,2,2,0.023578,39.628769,4048.426755
formal-mixed-v1-seed303-rep3-baseline,baseline,303,3,formal-303-000012,12,12,3,3,54.86611,93.446757,4758.929665
formal-mixed-v1-seed303-rep3-baseline,baseline,303,3,formal-303-000013,13,13,4,4,0.022801,27.816423,4866.400693
formal-mixed-v1-seed303-rep3-baseline,baseline,303,3,formal-303-000015,15,15,5,5,86.556565,113.825939,5487.862545
formal-mixed-v1-seed303-rep3-baseline,baseline,303,3,formal-303-000017,17,17,6,6,25.66847,54.544649,5879.699199
formal-mixed-v1-seed303-rep3-baseline,baseline,303,3,formal-303-000018,18,18,7,7,51.870829,80.956008,6191.2894
formal-mixed-v1-seed303-rep3-baseline,baseline,303,3,formal-303-000019,19,19,8,8,0.022377,32.979796,6270.208523
formal-mixed-v1-seed303-rep3-baseline,baseline,303,3,formal-303-000023,23,23,9,9,24.350424,66.120359,7307.553132
formal-mixed-v1-seed303-rep3-baseline,baseline,303,3,formal-303-000025,25,25,10,10,0.019828,40.554215,7706.514515
formal-mixed-v1-seed303-rep3-baseline,baseline,303,3,formal-303-000027,27,27,11,11,49.87874,92.114224,8342.138575
formal-mixed-v1-seed303-rep3-baseline,baseline,303,3,formal-303-000029,29,29,12,12,25.234663,59.031921,8722.044471
formal-mixed-v1-seed303-rep3-baseline,baseline,303,3,formal-303-000033,33,33,13,13,52.626247,91.721608,9740.317027
formal-mixed-v1-seed303-rep3-baseline,baseline,303,3,formal-303-000038,38,38,14,14,40.559988,71.571928,10806.427338
formal-mixed-v1-seed303-rep3-baseline,baseline,303,3,formal-303-000041,41,41,15,15,28.730338,61.431597,11502.137567
formal-mixed-v1-seed303-rep3-baseline,baseline,303,3,formal-303-000043,43,43,16,16,0.023115,39.082495,11873.444124
formal-mixed-v1-seed303-rep3-baseline,baseline,303,3,formal-303-000044,44,44,17,17,26.415015,67.730109,12164.672721
formal-mixed-v1-seed303-rep3-baseline,baseline,303,3,formal-303-000045,45,45,18,18,55.081454,98.076518,12487.522023
formal-mixed-v1-seed303-rep3-baseline,baseline,303,3,formal-303-000052,52,52,19,19,0.021364,45.881366,13935.128927
formal-mixed-v1-seed303-rep3-baseline,baseline,303,3,formal-303-000058,58,58,20,20,45.07828,83.292009,15350.152694
formal-mixed-v1-seed101-rep4-baseline,baseline,101,4,formal-101-000001,1,1,1,1,0.036681,31.794301,498.819616
formal-mixed-v1-seed101-rep4-baseline,baseline,101,4,formal-101-000002,2,2,2,2,31.74842,63.075436,977.101921
formal-mixed-v1-seed101-rep4-baseline,baseline,101,4,formal-101-000003,3,3,3,3,63.02986,107.234295,1482.694563
formal-mixed-v1-seed101-rep4-baseline,baseline,101,4,formal-101-000006,6,6,4,4,51.194259,97.635381,2683.128071
formal-mixed-v1-seed101-rep4-baseline,baseline,101,4,formal-101-000008,8,8,5,5,26.110597,71.223625,3430.412196
formal-mixed-v1-seed101-rep4-baseline,baseline,101,4,formal-101-000011,11,11,6,6,26.914856,69.506302,4466.598799
formal-mixed-v1-seed101-rep4-baseline,baseline,101,4,formal-101-000014,14,14,7,7,27.6499,55.383315,5219.034179
formal-mixed-v1-seed101-rep4-baseline,baseline,101,4,formal-101-000016,16,16,8,8,0.021208,64.42301,5589.837071
formal-mixed-v1-seed101-rep4-baseline,baseline,101,4,formal-101-000019,19,19,9,9,0.022097,44.666289,6321.981507
formal-mixed-v1-seed101-rep4-baseline,baseline,101,4,formal-101-000020,20,20,10,10,26.194758,70.926075,6646.752327
formal-mixed-v1-seed101-rep4-baseline,baseline,101,4,formal-101-000023,23,23,11,11,24.511582,52.656069,7366.850275
formal-mixed-v1-seed101-rep4-baseline,baseline,101,4,formal-101-000027,27,27,12,12,51.167082,90.223443,8386.852788
formal-mixed-v1-seed101-rep4-baseline,baseline,101,4,formal-101-000030,30,30,13,13,53.645419,87.086306,9095.974696
formal-mixed-v1-seed101-rep4-baseline,baseline,101,4,formal-101-000036,36,36,14,14,56.457626,97.086124,10616.109704
formal-mixed-v1-seed101-rep4-baseline,baseline,101,4,formal-101-000037,37,37,15,15,0.031383,47.655116,10697.660997
formal-mixed-v1-seed101-rep4-baseline,baseline,101,4,formal-101-000040,40,40,16,16,0.020268,40.387546,11401.763691
formal-mixed-v1-seed101-rep4-baseline,baseline,101,4,formal-101-000045,45,45,17,17,50.32146,89.013159,12784.829878
formal-mixed-v1-seed101-rep4-baseline,baseline,101,4,formal-101-000046,46,46,18,18,0.021595,35.457104,12852.692985
formal-mixed-v1-seed101-rep4-baseline,baseline,101,4,formal-101-000053,53,53,19,19,32.202302,68.787664,14605.277936
formal-mixed-v1-seed101-rep4-baseline,baseline,101,4,formal-101-000059,59,59,20,20,460.564679,496.69749,16034.924113
formal-mixed-v1-seed202-rep4-baseline,baseline,202,4,formal-202-000005,5,5,1,1,26.756962,63.922365,2217.424538
formal-mixed-v1-seed202-rep4-baseline,baseline,202,4,formal-202-000011,11,11,2,2,26.576164,70.389079,4476.496221
formal-mixed-v1-seed202-rep4-baseline,baseline,202,4,formal-202-000012,12,12,3,3,55.912396,99.058086,4911.509947
formal-mixed-v1-seed202-rep4-baseline,baseline,202,4,formal-202-000016,16,16,4,4,0.02061,40.805874,5729.877945
formal-mixed-v1-seed202-rep4-baseline,baseline,202,4,formal-202-000021,21,21,5,5,53.087736,89.964484,7006.45671
formal-mixed-v1-seed202-rep4-baseline,baseline,202,4,formal-202-000028,28,28,6,6,0.022736,52.254291,8353.441414
formal-mixed-v1-seed202-rep4-baseline,baseline,202,4,formal-202-000029,29,29,7,7,28.723062,80.532595,8636.888163
formal-mixed-v1-seed202-rep4-baseline,baseline,202,4,formal-202-000033,33,33,8,8,60.785696,115.443948,9513.531087
formal-mixed-v1-seed202-rep4-baseline,baseline,202,4,formal-202-000035,35,35,9,9,29.427751,69.722693,9802.89646
formal-mixed-v1-seed202-rep4-baseline,baseline,202,4,formal-202-000036,36,36,10,10,56.246295,96.576812,10080.17812
formal-mixed-v1-seed202-rep4-baseline,baseline,202,4,formal-202-000037,37,37,11,11,0.022308,44.706487,10115.431355
formal-mixed-v1-seed202-rep4-baseline,baseline,202,4,formal-202-000038,38,38,12,12,29.817006,71.142237,10389.824978
formal-mixed-v1-seed202-rep4-baseline,baseline,202,4,formal-202-000039,39,39,13,13,56.258092,97.282945,10663.469342
formal-mixed-v1-seed202-rep4-baseline,baseline,202,4,formal-202-000041,41,41,14,14,27.153959,69.407322,10949.636539
formal-mixed-v1-seed202-rep4-baseline,baseline,202,4,formal-202-000044,44,44,15,15,25.489797,56.283101,11530.582421
formal-mixed-v1-seed202-rep4-baseline,baseline,202,4,formal-202-000048,48,48,16,16,56.66753,89.95725,12383.666816
formal-mixed-v1-seed202-rep4-baseline,baseline,202,4,formal-202-000053,53,53,17,17,27.735265,61.801848,13265.232429
formal-mixed-v1-seed202-rep4-baseline,baseline,202,4,formal-202-000054,54,54,18,18,55.065079,93.263584,13535.941072
formal-mixed-v1-seed202-rep4-baseline,baseline,202,4,formal-202-000058,58,58,19,19,111.046268,150.308919,14126.742437
formal-mixed-v1-seed202-rep4-baseline,baseline,202,4,formal-202-000060,60,60,20,20,907.706963,945.53216,14677.436115
formal-mixed-v1-seed303-rep4-baseline,baseline,303,4,formal-303-000005,5,5,1,1,22.146499,47.0934,1674.957675
formal-mixed-v1-seed303-rep4-baseline,baseline,303,4,formal-303-000010,10,10,2,2,0.022259,30.698844,3114.256204
formal-mixed-v1-seed303-rep4-baseline,baseline,303,4,formal-303-000012,12,12,3,3,45.644171,76.190477,3872.547571
formal-mixed-v1-seed303-rep4-baseline,baseline,303,4,formal-303-000013,13,13,4,4,0.023174,24.383632,3956.234624
formal-mixed-v1-seed303-rep4-baseline,baseline,303,4,formal-303-000015,15,15,5,5,48.229293,71.977561,4503.075244
formal-mixed-v1-seed303-rep4-baseline,baseline,303,4,formal-303-000017,17,17,6,6,22.51389,62.095606,4821.456303
formal-mixed-v1-seed303-rep4-baseline,baseline,303,4,formal-303-000018,18,18,7,7,46.72903,85.015589,5092.371763
formal-mixed-v1-seed303-rep4-baseline,baseline,303,4,formal-303-000019,19,19,8,8,0.020591,38.225655,5117.659662
formal-mixed-v1-seed303-rep4-baseline,baseline,303,4,formal-303-000023,23,23,9,9,22.31879,57.167067,5958.390204
formal-mixed-v1-seed303-rep4-baseline,baseline,303,4,formal-303-000025,25,25,10,10,0.021063,36.010444,6257.474779
formal-mixed-v1-seed303-rep4-baseline,baseline,303,4,formal-303-000027,27,27,11,11,45.77902,81.002828,6805.861711
formal-mixed-v1-seed303-rep4-baseline,baseline,303,4,formal-303-000029,29,29,12,12,23.107856,48.458429,7111.886577
formal-mixed-v1-seed303-rep4-baseline,baseline,303,4,formal-303-000033,33,33,13,13,46.902584,78.982297,7967.943909
formal-mixed-v1-seed303-rep4-baseline,baseline,303,4,formal-303-000038,38,38,14,14,22.180388,52.883956,8848.582925
formal-mixed-v1-seed303-rep4-baseline,baseline,303,4,formal-303-000041,41,41,15,15,24.529316,60.573442,9426.142035
formal-mixed-v1-seed303-rep4-baseline,baseline,303,4,formal-303-000043,43,43,16,16,0.020428,28.536062,9721.965561
formal-mixed-v1-seed303-rep4-baseline,baseline,303,4,formal-303-000044,44,44,17,17,23.512611,51.587864,9998.500249
formal-mixed-v1-seed303-rep4-baseline,baseline,303,4,formal-303-000045,45,45,18,18,46.564178,75.126274,10287.906018
formal-mixed-v1-seed303-rep4-baseline,baseline,303,4,formal-303-000052,52,52,19,19,0.020233,28.434959,11463.204927
formal-mixed-v1-seed303-rep4-baseline,baseline,303,4,formal-303-000058,58,58,20,20,0.020038,39.423509,14955.034247
formal-mixed-v1-seed101-rep0-short_prompt,short_prompt,101,0,formal-101-000001,1,1,1,1,0.043372,32.02524,498.231911
formal-mixed-v1-seed101-rep0-short_prompt,short_prompt,101,0,formal-101-000002,2,2,2,2,31.956475,62.065543,972.761373
formal-mixed-v1-seed101-rep0-short_prompt,short_prompt,101,0,formal-101-000003,3,3,3,3,61.99587,91.929843,1450.628516
formal-mixed-v1-seed101-rep0-short_prompt,short_prompt,101,0,formal-101-000006,6,6,4,4,55.459439,92.589354,2760.736961
formal-mixed-v1-seed101-rep0-short_prompt,short_prompt,101,0,formal-101-000008,9,9,5,5,60.48723,106.470284,3976.600722
formal-mixed-v1-seed101-rep0-short_prompt,short_prompt,101,0,formal-101-000011,12,12,6,6,51.578346,88.903111,4826.403308
formal-mixed-v1-seed101-rep0-short_prompt,short_prompt,101,0,formal-101-000014,15,15,7,7,50.615909,87.816105,5603.666374
formal-mixed-v1-seed101-rep0-short_prompt,short_prompt,101,0,formal-101-000016,18,18,8,8,50.637761,88.50918,6365.694426
formal-mixed-v1-seed101-rep0-short_prompt,short_prompt,101,0,formal-101-000019,20,20,9,9,26.406775,75.234879,6783.557852
formal-mixed-v1-seed101-rep0-short_prompt,short_prompt,101,0,formal-101-000020,21,21,10,10,56.281193,101.897046,7109.481644
formal-mixed-v1-seed101-rep0-short_prompt,short_prompt,101,0,formal-101-000023,24,24,11,11,49.90114,84.11722,7824.193942
formal-mixed-v1-seed101-rep0-short_prompt,short_prompt,101,0,formal-101-000027,27,27,12,12,59.97224,117.823287,8574.877889
formal-mixed-v1-seed101-rep0-short_prompt,short_prompt,101,0,formal-101-000030,30,30,13,13,64.10659,108.369604,9294.662424
formal-mixed-v1-seed101-rep0-short_prompt,short_prompt,101,0,formal-101-000036,36,36,14,14,54.823097,110.722117,10710.380719
formal-mixed-v1-seed101-rep0-short_prompt,short_prompt,101,0,formal-101-000037,39,39,15,15,52.536198,94.380074,11431.976492
formal-mixed-v1-seed101-rep0-short_prompt,short_prompt,101,0,formal-101-000040,42,42,16,16,55.724621,87.159323,12146.819537
formal-mixed-v1-seed101-rep0-short_prompt,short_prompt,101,0,formal-101-000045,45,45,17,17,52.940872,94.611903,12866.732863
formal-mixed-v1-seed101-rep0-short_prompt,short_prompt,101,0,formal-101-000046,48,48,18,18,51.14973,82.541366,13587.187987
formal-mixed-v1-seed101-rep0-short_prompt,short_prompt,101,0,formal-101-000053,54,54,19,19,52.240972,86.299701,15008.829768
formal-mixed-v1-seed101-rep0-short_prompt,short_prompt,101,0,formal-101-000059,60,60,20,20,809.083663,861.516509,16438.53888
formal-mixed-v1-seed202-rep0-short_prompt,short_prompt,202,0,formal-202-000005,6,6,1,1,50.249302,79.907562,2613.044415
formal-mixed-v1-seed202-rep0-short_prompt,short_prompt,202,0,formal-202-000011,11,11,2,2,25.535252,59.215261,4304.308918
formal-mixed-v1-seed202-rep0-short_prompt,short_prompt,202,0,formal-202-000012,12,12,3,3,53.069229,85.05342,4649.459095
formal-mixed-v1-seed202-rep0-short_prompt,short_prompt,202,0,formal-202-000016,18,18,4,4,53.974436,94.354576,6083.05066
formal-mixed-v1-seed202-rep0-short_prompt,short_prompt,202,0,formal-202-000021,21,21,5,5,51.828959,87.00977,6787.424662
formal-mixed-v1-seed202-rep0-short_prompt,short_prompt,202,0,formal-202-000028,29,29,6,6,26.496228,68.6977,8604.017681
formal-mixed-v1-seed202-rep0-short_prompt,short_prompt,202,0,formal-202-000029,30,30,7,7,54.745138,95.975772,8907.802906
formal-mixed-v1-seed202-rep0-short_prompt,short_prompt,202,0,formal-202-000033,33,33,8,8,51.209847,88.860793,9607.193419
formal-mixed-v1-seed202-rep0-short_prompt,short_prompt,202,0,formal-202-000035,35,35,9,9,27.962615,61.061581,9990.099165
formal-mixed-v1-seed202-rep0-short_prompt,short_prompt,202,0,formal-202-000036,36,36,10,10,51.332588,85.672,10303.179256
formal-mixed-v1-seed202-rep0-short_prompt,short_prompt,202,0,formal-202-000037,37,37,11,11,0.028282,36.351901,10364.473068
formal-mixed-v1-seed202-rep0-short_prompt,short_prompt,202,0,formal-202-000038,38,38,12,12,29.186828,63.23504,10678.51361
formal-mixed-v1-seed202-rep0-short_prompt,short_prompt,202,0,formal-202-000039,39,39,13,13,56.076671,89.18453,11002.775234
formal-mixed-v1-seed202-rep0-short_prompt,short_prompt,202,0,formal-202-000041,42,42,14,14,59.838368,101.470806,11707.931304
formal-mixed-v1-seed202-rep0-short_prompt,short_prompt,202,0,formal-202-000044,45,45,15,15,54.50745,83.88492,12404.125536
formal-mixed-v1-seed202-rep0-short_prompt,short_prompt,202,0,formal-202-000048,48,48,16,16,49.116215,96.257399,13094.863959
formal-mixed-v1-seed202-rep0-short_prompt,short_prompt,202,0,formal-202-000053,53,53,17,17,27.685269,75.235998,14170.341821
formal-mixed-v1-seed202-rep0-short_prompt,short_prompt,202,0,formal-202-000054,54,54,18,18,69.938248,102.108536,14490.624343
formal-mixed-v1-seed202-rep0-short_prompt,short_prompt,202,0,formal-202-000058,59,59,19,19,288.229725,335.724577,15552.862412
formal-mixed-v1-seed202-rep0-short_prompt,short_prompt,202,0,formal-202-000060,60,60,20,20,633.524305,681.029284,15853.113962
formal-mixed-v1-seed303-rep0-short_prompt,short_prompt,303,0,formal-303-000005,6,6,1,1,54.264631,94.021979,2642.722945
formal-mixed-v1-seed303-rep0-short_prompt,short_prompt,303,0,formal-303-000010,11,11,2,2,25.412296,60.917032,4320.621161
formal-mixed-v1-seed303-rep0-short_prompt,short_prompt,303,0,formal-303-000012,12,12,3,3,54.001742,88.02907,4681.425764
formal-mixed-v1-seed303-rep0-short_prompt,short_prompt,303,0,formal-303-000013,14,14,4,4,26.547236,66.842745,5081.209876
formal-mixed-v1-seed303-rep0-short_prompt,short_prompt,303,0,formal-303-000015,15,15,5,5,53.434802,94.502362,5407.283708
formal-mixed-v1-seed303-rep0-short_prompt,short_prompt,303,0,formal-303-000017,17,17,6,6,28.712987,74.730423,5788.450167
formal-mixed-v1-seed303-rep0-short_prompt,short_prompt,303,0,formal-303-000018,18,18,7,7,55.293708,103.303706,6111.79184
formal-mixed-v1-seed303-rep0-short_prompt,short_prompt,303,0,formal-303-000019,21,21,8,8,50.673946,93.503676,6820.50471
formal-mixed-v1-seed303-rep0-short_prompt,short_prompt,303,0,formal-303-000023,24,24,9,9,48.820708,96.018717,7545.919277
formal-mixed-v1-seed303-rep0-short_prompt,short_prompt,303,0,formal-303-000025,26,26,10,10,28.041528,56.231624,7945.824148
formal-mixed-v1-seed303-rep0-short_prompt,short_prompt,303,0,formal-303-000027,27,27,11,11,55.668528,83.036022,8267.930726
formal-mixed-v1-seed303-rep0-short_prompt,short_prompt,303,0,formal-303-000029,30,30,12,12,52.266344,95.162502,8978.319867
formal-mixed-v1-seed303-rep0-short_prompt,short_prompt,303,0,formal-303-000033,33,33,13,13,52.159027,91.707249,9689.042579
formal-mixed-v1-seed303-rep0-short_prompt,short_prompt,303,0,formal-303-000038,39,39,14,14,52.94141,94.336466,11120.492179
formal-mixed-v1-seed303-rep0-short_prompt,short_prompt,303,0,formal-303-000041,42,42,15,15,52.699734,87.394149,11843.879444
formal-mixed-v1-seed303-rep0-short_prompt,short_prompt,303,0,formal-303-000043,43,43,16,16,0.028715,42.740285,11905.975981
formal-mixed-v1-seed303-rep0-short_prompt,short_prompt,303,0,formal-303-000044,44,44,17,17,25.985611,68.421109,12230.423245
formal-mixed-v1-seed303-rep0-short_prompt,short_prompt,303,0,formal-303-000045,45,45,18,18,51.671788,95.20632,12562.64336
formal-mixed-v1-seed303-rep0-short_prompt,short_prompt,303,0,formal-303-000052,54,54,19,19,51.238994,94.621503,14692.339467
formal-mixed-v1-seed303-rep0-short_prompt,short_prompt,303,0,formal-303-000058,60,60,20,20,680.436548,716.817109,16162.195418
formal-mixed-v1-seed101-rep1-short_prompt,short_prompt,101,1,formal-101-000001,1,1,1,1,0.040558,29.534171,522.345942
formal-mixed-v1-seed101-rep1-short_prompt,short_prompt,101,1,formal-101-000002,2,2,2,2,29.472305,56.506772,999.884042
formal-mixed-v1-seed101-rep1-short_prompt,short_prompt,101,1,formal-101-000003,3,3,3,3,56.451671,85.722721,1484.968038
formal-mixed-v1-seed101-rep1-short_prompt,short_prompt,101,1,formal-101-000006,6,6,4,4,54.354511,86.668729,2692.969848
formal-mixed-v1-seed101-rep1-short_prompt,short_prompt,101,1,formal-101-000008,9,9,5,5,53.683805,103.16457,3863.195607
formal-mixed-v1-seed101-rep1-short_prompt,short_prompt,101,1,formal-101-000011,12,12,6,6,51.399051,79.758988,4692.060147
formal-mixed-v1-seed101-rep1-short_prompt,short_prompt,101,1,formal-101-000014,15,15,7,7,50.787935,93.662857,5452.415412
formal-mixed-v1-seed101-rep1-short_prompt,short_prompt,101,1,formal-101-000016,18,18,8,8,53.791231,88.71215,6152.643516
formal-mixed-v1-seed101-rep1-short_prompt,short_prompt,101,1,formal-101-000019,20,20,9,9,25.820322,55.304535,6556.177107
formal-mixed-v1-seed101-rep1-short_prompt,short_prompt,101,1,formal-101-000020,21,21,10,10,54.269264,82.833664,6865.170979
formal-mixed-v1-seed101-rep1-short_prompt,short_prompt,101,1,formal-101-000023,24,24,11,11,51.219033,89.548555,7573.520691
formal-mixed-v1-seed101-rep1-short_prompt,short_prompt,101,1,formal-101-000027,27,27,12,12,47.003139,82.743308,8298.733964
formal-mixed-v1-seed101-rep1-short_prompt,short_prompt,101,1,formal-101-000030,30,30,13,13,53.991375,82.763408,9025.298383
formal-mixed-v1-seed101-rep1-short_prompt,short_prompt,101,1,formal-101-000036,36,36,14,14,56.191065,88.00774,10473.764937
formal-mixed-v1-seed101-rep1-short_prompt,short_prompt,101,1,formal-101-000037,39,39,15,15,48.902495,80.521951,11177.292468
formal-mixed-v1-seed101-rep1-short_prompt,short_prompt,101,1,formal-101-000040,42,42,16,16,50.981106,92.914956,11892.972819
formal-mixed-v1-seed101-rep1-short_prompt,short_prompt,101,1,formal-101-000045,45,45,17,17,53.593731,95.85968,12611.900994
formal-mixed-v1-seed101-rep1-short_prompt,short_prompt,101,1,formal-101-000046,48,48,18,18,52.495869,96.393223,13337.30444
formal-mixed-v1-seed101-rep1-short_prompt,short_prompt,101,1,formal-101-000053,54,54,19,19,51.808447,86.758495,14736.40011
formal-mixed-v1-seed101-rep1-short_prompt,short_prompt,101,1,formal-101-000059,60,60,20,20,682.161225,722.970074,16138.536151
formal-mixed-v1-seed202-rep1-short_prompt,short_prompt,202,1,formal-202-000005,6,6,1,1,54.708444,91.522056,2715.048461
formal-mixed-v1-seed202-rep1-short_prompt,short_prompt,202,1,formal-202-000011,11,11,2,2,30.010027,79.869804,4473.009975
formal-mixed-v1-seed202-rep1-short_prompt,short_prompt,202,1,formal-202-000012,12,12,3,3,60.534649,109.381455,4836.822156
formal-mixed-v1-seed202-rep1-short_prompt,short_prompt,202,1,formal-202-000016,18,18,4,4,51.277885,90.968603,6452.590111
formal-mixed-v1-seed202-rep1-short_prompt,short_prompt,202,1,formal-202-000021,21,21,5,5,54.543189,103.712454,7261.200974
formal-mixed-v1-seed202-rep1-short_prompt,short_prompt,202,1,formal-202-000028,29,29,6,6,27.220854,60.940628,9210.103529
formal-mixed-v1-seed202-rep1-short_prompt,short_prompt,202,1,formal-202-000029,30,30,7,7,55.340105,90.80434,9562.543247
formal-mixed-v1-seed202-rep1-short_prompt,short_prompt,202,1,formal-202-000033,33,33,8,8,54.524111,91.234207,10301.786225
formal-mixed-v1-seed202-rep1-short_prompt,short_prompt,202,1,formal-202-000035,35,35,9,9,27.932848,75.76206,10722.066798
formal-mixed-v1-seed202-rep1-short_prompt,short_prompt,202,1,formal-202-000036,36,36,10,10,55.461744,105.710373,11066.027757
formal-mixed-v1-seed202-rep1-short_prompt,short_prompt,202,1,formal-202-000037,37,37,11,11,0.02616,33.399998,11189.325905
formal-mixed-v1-seed202-rep1-short_prompt,short_prompt,202,1,formal-202-000038,38,38,12,12,27.702544,60.880717,11600.355015
formal-mixed-v1-seed202-rep1-short_prompt,short_prompt,202,1,formal-202-000039,39,39,13,13,55.187161,89.947469,11956.022961
formal-mixed-v1-seed202-rep1-short_prompt,short_prompt,202,1,formal-202-000041,42,42,14,14,55.395141,104.434154,12801.986526
formal-mixed-v1-seed202-rep1-short_prompt,short_prompt,202,1,formal-202-000044,45,45,15,15,54.791881,89.436533,13675.800566
formal-mixed-v1-seed202-rep1-short_prompt,short_prompt,202,1,formal-202-000048,48,48,16,16,60.004899,93.91496,14425.836827
formal-mixed-v1-seed202-rep1-short_prompt,short_prompt,202,1,formal-202-000053,53,53,17,17,27.11054,56.967886,15621.544159
formal-mixed-v1-seed202-rep1-short_prompt,short_prompt,202,1,formal-202-000054,54,54,18,18,56.30799,84.441179,15952.125248
formal-mixed-v1-seed202-rep1-short_prompt,short_prompt,202,1,formal-202-000058,59,59,19,19,475.567638,504.403172,17196.442106
formal-mixed-v1-seed202-rep1-short_prompt,short_prompt,202,1,formal-202-000060,60,60,20,20,839.545498,865.235741,17567.618598
formal-mixed-v1-seed303-rep1-short_prompt,short_prompt,303,1,formal-303-000005,6,6,1,1,53.525755,93.689608,2742.732601
formal-mixed-v1-seed303-rep1-short_prompt,short_prompt,303,1,formal-303-000010,11,11,2,2,25.785558,79.493384,4496.6935
formal-mixed-v1-seed303-rep1-short_prompt,short_prompt,303,1,formal-303-000012,12,12,3,3,56.933335,107.197414,4855.988292
formal-mixed-v1-seed303-rep1-short_prompt,short_prompt,303,1,formal-303-000013,14,14,4,4,29.352113,70.430488,5290.951377
formal-mixed-v1-seed303-rep1-short_prompt,short_prompt,303,1,formal-303-000015,15,15,5,5,63.206025,100.472813,5623.706323
formal-mixed-v1-seed303-rep1-short_prompt,short_prompt,303,1,formal-303-000017,17,17,6,6,26.151734,70.371705,6029.932791
formal-mixed-v1-seed303-rep1-short_prompt,short_prompt,303,1,formal-303-000018,18,18,7,7,53.631619,99.624886,6360.960634
formal-mixed-v1-seed303-rep1-short_prompt,short_prompt,303,1,formal-303-000019,21,21,8,8,51.291289,83.621711,7121.454718
formal-mixed-v1-seed303-rep1-short_prompt,short_prompt,303,1,formal-303-000023,24,24,9,9,53.900221,97.286885,7861.850455
formal-mixed-v1-seed303-rep1-short_prompt,short_prompt,303,1,formal-303-000025,26,26,10,10,25.364188,60.349101,8240.504349
formal-mixed-v1-seed303-rep1-short_prompt,short_prompt,303,1,formal-303-000027,27,27,11,11,55.594503,87.15199,8570.880228
formal-mixed-v1-seed303-rep1-short_prompt,short_prompt,303,1,formal-303-000029,30,30,12,12,57.192147,104.021211,9291.034615
formal-mixed-v1-seed303-rep1-short_prompt,short_prompt,303,1,formal-303-000033,33,33,13,13,51.742589,87.979653,9995.27556
formal-mixed-v1-seed303-rep1-short_prompt,short_prompt,303,1,formal-303-000038,39,39,14,14,54.652941,97.517183,11448.922735
formal-mixed-v1-seed303-rep1-short_prompt,short_prompt,303,1,formal-303-000041,42,42,15,15,55.793688,83.600877,12180.554035
formal-mixed-v1-seed303-rep1-short_prompt,short_prompt,303,1,formal-303-000043,43,43,16,16,0.025471,42.348212,12251.887356
formal-mixed-v1-seed303-rep1-short_prompt,short_prompt,303,1,formal-303-000044,44,44,17,17,25.963694,70.274301,12602.590148
formal-mixed-v1-seed303-rep1-short_prompt,short_prompt,303,1,formal-303-000045,45,45,18,18,53.898593,101.106191,12933.667682
formal-mixed-v1-seed303-rep1-short_prompt,short_prompt,303,1,formal-303-000052,54,54,19,19,52.004521,93.990373,15098.59789
formal-mixed-v1-seed303-rep1-short_prompt,short_prompt,303,1,formal-303-000058,60,60,20,20,851.731511,888.847681,16574.752638
formal-mixed-v1-seed101-rep2-short_prompt,short_prompt,101,2,formal-101-000001,1,1,1,1,0.040386,33.120964,501.462189
formal-mixed-v1-seed101-rep2-short_prompt,short_prompt,101,2,formal-101-000002,2,2,2,2,33.074609,62.864082,987.804725
formal-mixed-v1-seed101-rep2-short_prompt,short_prompt,101,2,formal-101-000003,3,3,3,3,62.815434,92.432757,1460.211275
formal-mixed-v1-seed101-rep2-short_prompt,short_prompt,101,2,formal-101-000006,6,6,4,4,48.340796,92.158173,2660.087694
formal-mixed-v1-seed101-rep2-short_prompt,short_prompt,101,2,formal-101-000008,9,9,5,5,55.537851,100.197734,3848.036501
formal-mixed-v1-seed101-rep2-short_prompt,short_prompt,101,2,formal-101-000011,12,12,6,6,51.620377,81.522304,4698.083352
formal-mixed-v1-seed101-rep2-short_prompt,short_prompt,101,2,formal-101-000014,15,15,7,7,54.03292,84.821378,5472.35088
formal-mixed-v1-seed101-rep2-short_prompt,short_prompt,101,2,formal-101-000016,18,18,8,8,50.774269,81.647194,6218.420376
formal-mixed-v1-seed101-rep2-short_prompt,short_prompt,101,2,formal-101-000019,20,20,9,9,25.99266,54.18264,6617.151059
formal-mixed-v1-seed101-rep2-short_prompt,short_prompt,101,2,formal-101-000020,21,21,10,10,54.026324,83.3437,6935.388216
formal-mixed-v1-seed101-rep2-short_prompt,short_prompt,101,2,formal-101-000023,24,24,11,11,54.261473,95.585751,7663.775944
formal-mixed-v1-seed101-rep2-short_prompt,short_prompt,101,2,formal-101-000027,27,27,12,12,53.616843,96.787049,8386.284115
formal-mixed-v1-seed101-rep2-short_prompt,short_prompt,101,2,formal-101-000030,30,30,13,13,51.748622,92.685359,9097.380729
formal-mixed-v1-seed101-rep2-short_prompt,short_prompt,101,2,formal-101-000036,36,36,14,14,57.334533,92.991678,10555.318266
formal-mixed-v1-seed101-rep2-short_prompt,short_prompt,101,2,formal-101-000037,39,39,15,15,52.822692,102.163834,11267.089542
formal-mixed-v1-seed101-rep2-short_prompt,short_prompt,101,2,formal-101-000040,42,42,16,16,49.702408,89.55143,11982.064779
formal-mixed-v1-seed101-rep2-short_prompt,short_prompt,101,2,formal-101-000045,45,45,17,17,53.67727,94.201613,12686.409462
formal-mixed-v1-seed101-rep2-short_prompt,short_prompt,101,2,formal-101-000046,48,48,18,18,51.11368,105.915402,13419.591691
formal-mixed-v1-seed101-rep2-short_prompt,short_prompt,101,2,formal-101-000053,54,54,19,19,52.306483,77.975171,14844.343448
formal-mixed-v1-seed101-rep2-short_prompt,short_prompt,101,2,formal-101-000059,60,60,20,20,685.50937,727.900562,16251.922155
formal-mixed-v1-seed202-rep2-short_prompt,short_prompt,202,2,formal-202-000005,6,6,1,1,51.943428,101.68173,2624.97862
formal-mixed-v1-seed202-rep2-short_prompt,short_prompt,202,2,formal-202-000011,11,11,2,2,27.41366,68.957056,4350.590105
formal-mixed-v1-seed202-rep2-short_prompt,short_prompt,202,2,formal-202-000012,12,12,3,3,56.166271,97.133246,4710.860092
formal-mixed-v1-seed202-rep2-short_prompt,short_prompt,202,2,formal-202-000016,18,18,4,4,52.253041,85.188174,6194.660767
formal-mixed-v1-seed202-rep2-short_prompt,short_prompt,202,2,formal-202-000021,21,21,5,5,49.861469,84.979108,6925.717294
formal-mixed-v1-seed202-rep2-short_prompt,short_prompt,202,2,formal-202-000028,29,29,6,6,26.997526,75.363018,8777.577335
formal-mixed-v1-seed202-rep2-short_prompt,short_prompt,202,2,formal-202-000029,30,30,7,7,53.936555,101.777139,9107.679751
formal-mixed-v1-seed202-rep2-short_prompt,short_prompt,202,2,formal-202-000033,33,33,8,8,51.353515,79.870486,9830.64998
formal-mixed-v1-seed202-rep2-short_prompt,short_prompt,202,2,formal-202-000035,35,35,9,9,24.829445,58.035785,10225.197938
formal-mixed-v1-seed202-rep2-short_prompt,short_prompt,202,2,formal-202-000036,36,36,10,10,52.736646,84.694669,10559.021262
formal-mixed-v1-seed202-rep2-short_prompt,short_prompt,202,2,formal-202-000037,37,37,11,11,0.02733,38.462815,10631.933663
formal-mixed-v1-seed202-rep2-short_prompt,short_prompt,202,2,formal-202-000038,38,38,12,12,27.645052,68.833478,10944.053388
formal-mixed-v1-seed202-rep2-short_prompt,short_prompt,202,2,formal-202-000039,39,39,13,13,58.03293,99.158498,11278.427953
formal-mixed-v1-seed202-rep2-short_prompt,short_prompt,202,2,formal-202-000041,42,42,14,14,53.418458,91.108228,11995.402225
formal-mixed-v1-seed202-rep2-short_prompt,short_prompt,202,2,formal-202-000044,45,45,15,15,51.360767,90.704845,12726.262314
formal-mixed-v1-seed202-rep2-short_prompt,short_prompt,202,2,formal-202-000048,48,48,16,16,53.315463,88.51585,13435.523241
formal-mixed-v1-seed202-rep2-short_prompt,short_prompt,202,2,formal-202-000053,53,53,17,17,27.686495,72.747953,14588.880953
formal-mixed-v1-seed202-rep2-short_prompt,short_prompt,202,2,formal-202-000054,54,54,18,18,55.737986,101.176024,14897.874274
formal-mixed-v1-seed202-rep2-short_prompt,short_prompt,202,2,formal-202-000058,59,59,19,19,352.101202,381.401154,16028.608202
formal-mixed-v1-seed202-rep2-short_prompt,short_prompt,202,2,formal-202-000060,60,60,20,20,712.946594,741.154185,16341.15906
formal-mixed-v1-seed303-rep2-short_prompt,short_prompt,303,2,formal-303-000005,6,6,1,1,53.285765,98.15659,2667.98204
formal-mixed-v1-seed303-rep2-short_prompt,short_prompt,303,2,formal-303-000010,11,11,2,2,25.569921,71.341791,4485.841038
formal-mixed-v1-seed303-rep2-short_prompt,short_prompt,303,2,formal-303-000012,12,12,3,3,52.677378,98.285298,4833.749735
formal-mixed-v1-seed303-rep2-short_prompt,short_prompt,303,2,formal-303-000013,14,14,4,4,24.206495,61.226956,5248.658695
formal-mixed-v1-seed303-rep2-short_prompt,short_prompt,303,2,formal-303-000015,15,15,5,5,52.120466,86.114271,5571.271625
formal-mixed-v1-seed303-rep2-short_prompt,short_prompt,303,2,formal-303-000017,17,17,6,6,25.621941,55.38641,5982.883585
formal-mixed-v1-seed303-rep2-short_prompt,short_prompt,303,2,formal-303-000018,18,18,7,7,51.132878,82.734871,6305.858848
formal-mixed-v1-seed303-rep2-short_prompt,short_prompt,303,2,formal-303-000019,21,21,8,8,52.482343,89.360868,7010.079051
formal-mixed-v1-seed303-rep2-short_prompt,short_prompt,303,2,formal-303-000023,24,24,9,9,51.047596,87.922281,7792.484898
formal-mixed-v1-seed303-rep2-short_prompt,short_prompt,303,2,formal-303-000025,26,26,10,10,25.111314,58.822934,8205.385437
formal-mixed-v1-seed303-rep2-short_prompt,short_prompt,303,2,formal-303-000027,27,27,11,11,52.396627,85.656584,8509.254762
formal-mixed-v1-seed303-rep2-short_prompt,short_prompt,303,2,formal-303-000029,30,30,12,12,51.920817,84.62231,9212.280613
formal-mixed-v1-seed303-rep2-short_prompt,short_prompt,303,2,formal-303-000033,33,33,13,13,52.35123,87.894333,9932.329559
formal-mixed-v1-seed303-rep2-short_prompt,short_prompt,303,2,formal-303-000038,39,39,14,14,50.71447,82.305463,11341.176246
formal-mixed-v1-seed303-rep2-short_prompt,short_prompt,303,2,formal-303-000041,42,42,15,15,52.913686,86.582642,12048.053044
formal-mixed-v1-seed303-rep2-short_prompt,short_prompt,303,2,formal-303-000043,43,43,16,16,0.024295,37.726867,12111.054754
formal-mixed-v1-seed303-rep2-short_prompt,short_prompt,303,2,formal-303-000044,44,44,17,17,27.21833,63.702115,12432.089305
formal-mixed-v1-seed303-rep2-short_prompt,short_prompt,303,2,formal-303-000045,45,45,18,18,53.197674,92.568383,12756.734039
formal-mixed-v1-seed303-rep2-short_prompt,short_prompt,303,2,formal-303-000052,54,54,19,19,54.805309,100.192272,14925.277289
formal-mixed-v1-seed303-rep2-short_prompt,short_prompt,303,2,formal-303-000058,60,60,20,20,813.47313,863.080723,16340.39422
formal-mixed-v1-seed101-rep3-short_prompt,short_prompt,101,3,formal-101-000001,1,1,1,1,0.042416,31.70079,486.676942
formal-mixed-v1-seed101-rep3-short_prompt,short_prompt,101,3,formal-101-000002,2,2,2,2,31.620554,61.813515,959.439267
formal-mixed-v1-seed101-rep3-short_prompt,short_prompt,101,3,formal-101-000003,3,3,3,3,61.731996,91.802109,1424.867755
formal-mixed-v1-seed101-rep3-short_prompt,short_prompt,101,3,formal-101-000006,6,6,4,4,51.950765,83.157592,2630.530764
formal-mixed-v1-seed101-rep3-short_prompt,short_prompt,101,3,formal-101-000008,9,9,5,5,51.896313,80.859022,3741.346987
formal-mixed-v1-seed101-rep3-short_prompt,short_prompt,101,3,formal-101-000011,12,12,6,6,51.6705,96.197348,4647.574173
formal-mixed-v1-seed101-rep3-short_prompt,short_prompt,101,3,formal-101-000014,15,15,7,7,51.726308,80.061612,5400.659963
formal-mixed-v1-seed101-rep3-short_prompt,short_prompt,101,3,formal-101-000016,18,18,8,8,47.987912,88.341721,6118.381877
formal-mixed-v1-seed101-rep3-short_prompt,short_prompt,101,3,formal-101-000019,20,20,9,9,27.268147,57.965955,6497.160161
formal-mixed-v1-seed101-rep3-short_prompt,short_prompt,101,3,formal-101-000020,21,21,10,10,53.826898,85.575288,6815.577632
formal-mixed-v1-seed101-rep3-short_prompt,short_prompt,101,3,formal-101-000023,24,24,11,11,51.718973,84.70011,7515.366998
formal-mixed-v1-seed101-rep3-short_prompt,short_prompt,101,3,formal-101-000027,27,27,12,12,53.443769,87.65608,8226.978541
formal-mixed-v1-seed101-rep3-short_prompt,short_prompt,101,3,formal-101-000030,30,30,13,13,49.2678,102.017318,8927.903162
formal-mixed-v1-seed101-rep3-short_prompt,short_prompt,101,3,formal-101-000036,36,36,14,14,56.43581,88.329637,10387.53664
formal-mixed-v1-seed101-rep3-short_prompt,short_prompt,101,3,formal-101-000037,39,39,15,15,51.570187,96.430627,11122.907408
formal-mixed-v1-seed101-rep3-short_prompt,short_prompt,101,3,formal-101-000040,42,42,16,16,51.736647,101.804376,11854.44444
formal-mixed-v1-seed101-rep3-short_prompt,short_prompt,101,3,formal-101-000045,45,45,17,17,52.556634,96.102501,12604.948857
formal-mixed-v1-seed101-rep3-short_prompt,short_prompt,101,3,formal-101-000046,48,48,18,18,51.093495,78.988724,13307.58379
formal-mixed-v1-seed101-rep3-short_prompt,short_prompt,101,3,formal-101-000053,54,54,19,19,51.827396,78.233514,14740.563419
formal-mixed-v1-seed101-rep3-short_prompt,short_prompt,101,3,formal-101-000059,60,60,20,20,638.634655,684.444359,16186.698382
formal-mixed-v1-seed202-rep3-short_prompt,short_prompt,202,3,formal-202-000005,6,6,1,1,58.550989,93.231224,2938.810269
formal-mixed-v1-seed202-rep3-short_prompt,short_prompt,202,3,formal-202-000011,11,11,2,2,26.910556,60.997981,4680.431698
formal-mixed-v1-seed202-rep3-short_prompt,short_prompt,202,3,formal-202-000012,12,12,3,3,57.155778,91.195752,5044.538388
formal-mixed-v1-seed202-rep3-short_prompt,short_prompt,202,3,formal-202-000016,18,18,4,4,58.10772,104.014916,6636.576746
formal-mixed-v1-seed202-rep3-short_prompt,short_prompt,202,3,formal-202-000021,21,21,5,5,59.826416,106.308629,7414.9442
formal-mixed-v1-seed202-rep3-short_prompt,short_prompt,202,3,formal-202-000028,29,29,6,6,29.920353,74.50654,9536.307368
formal-mixed-v1-seed202-rep3-short_prompt,short_prompt,202,3,formal-202-000029,30,30,7,7,55.75719,105.026163,9866.019632
formal-mixed-v1-seed202-rep3-short_prompt,short_prompt,202,3,formal-202-000033,33,33,8,8,56.283611,86.882487,10637.777189
formal-mixed-v1-seed202-rep3-short_prompt,short_prompt,202,3,formal-202-000035,35,35,9,9,27.417054,55.973624,11069.513367
formal-mixed-v1-seed202-rep3-short_prompt,short_prompt,202,3,formal-202-000036,36,36,10,10,54.173627,83.815876,11419.773775
formal-mixed-v1-seed202-rep3-short_prompt,short_prompt,202,3,formal-202-000037,37,37,11,11,0.02971,41.001206,11516.271861
formal-mixed-v1-seed202-rep3-short_prompt,short_prompt,202,3,formal-202-000038,38,38,12,12,27.016156,71.117564,11860.838815
formal-mixed-v1-seed202-rep3-short_prompt,short_prompt,202,3,formal-202-000039,39,39,13,13,57.079732,100.891916,12217.478798
formal-mixed-v1-seed202-rep3-short_prompt,short_prompt,202,3,formal-202-000041,42,42,14,14,57.567393,101.465698,12988.717246
formal-mixed-v1-seed202-rep3-short_prompt,short_prompt,202,3,formal-202-000044,45,45,15,15,58.584182,102.006367,13752.35312
formal-mixed-v1-seed202-rep3-short_prompt,short_prompt,202,3,formal-202-000048,48,48,16,16,51.131051,90.373256,14545.528083
formal-mixed-v1-seed202-rep3-short_prompt,short_prompt,202,3,formal-202-000053,53,53,17,17,27.687591,77.258244,15793.044491
formal-mixed-v1-seed202-rep3-short_prompt,short_prompt,202,3,formal-202-000054,54,54,18,18,56.163509,106.634233,16131.508967
formal-mixed-v1-seed202-rep3-short_prompt,short_prompt,202,3,formal-202-000058,59,59,19,19,665.846177,711.752417,17322.39992
formal-mixed-v1-seed202-rep3-short_prompt,short_prompt,202,3,formal-202-000060,60,60,20,20,1029.899099,1079.344152,17648.4936
formal-mixed-v1-seed303-rep3-short_prompt,short_prompt,303,3,formal-303-000005,6,6,1,1,61.478986,109.17737,2750.130545
formal-mixed-v1-seed303-rep3-short_prompt,short_prompt,303,3,formal-303-000010,11,11,2,2,27.042619,59.089264,4483.965402
formal-mixed-v1-seed303-rep3-short_prompt,short_prompt,303,3,formal-303-000012,12,12,3,3,56.968021,86.096156,4843.522859
formal-mixed-v1-seed303-rep3-short_prompt,short_prompt,303,3,formal-303-000013,14,14,4,4,27.591562,69.627336,5272.254923
formal-mixed-v1-seed303-rep3-short_prompt,short_prompt,303,3,formal-303-000015,15,15,5,5,56.097725,96.003764,5590.213079
formal-mixed-v1-seed303-rep3-short_prompt,short_prompt,303,3,formal-303-000017,17,17,6,6,26.150968,64.081745,5989.631555
formal-mixed-v1-seed303-rep3-short_prompt,short_prompt,303,3,formal-303-000018,18,18,7,7,54.018552,93.542205,6303.877151
formal-mixed-v1-seed303-rep3-short_prompt,short_prompt,303,3,formal-303-000019,21,21,8,8,54.867642,99.690277,7000.906373
formal-mixed-v1-seed303-rep3-short_prompt,short_prompt,303,3,formal-303-000023,24,24,9,9,54.286348,91.036219,7727.78395
formal-mixed-v1-seed303-rep3-short_prompt,short_prompt,303,3,formal-303-000025,26,26,10,10,25.947576,67.682369,8135.565636
formal-mixed-v1-seed303-rep3-short_prompt,short_prompt,303,3,formal-303-000027,27,27,11,11,53.072956,95.034727,8464.229483
formal-mixed-v1-seed303-rep3-short_prompt,short_prompt,303,3,formal-303-000029,30,30,12,12,51.923795,90.854386,9185.964739
formal-mixed-v1-seed303-rep3-short_prompt,short_prompt,303,3,formal-303-000033,33,33,13,13,50.235483,90.667002,9909.16466
formal-mixed-v1-seed303-rep3-short_prompt,short_prompt,303,3,formal-303-000038,39,39,14,14,62.77941,96.579378,11355.187858
formal-mixed-v1-seed303-rep3-short_prompt,short_prompt,303,3,formal-303-000041,42,42,15,15,50.566818,87.032237,12081.182992
formal-mixed-v1-seed303-rep3-short_prompt,short_prompt,303,3,formal-303-000043,43,43,16,16,0.026325,35.081826,12157.034801
formal-mixed-v1-seed303-rep3-short_prompt,short_prompt,303,3,formal-303-000044,44,44,17,17,27.480545,62.574065,12472.38976
formal-mixed-v1-seed303-rep3-short_prompt,short_prompt,303,3,formal-303-000045,45,45,18,18,54.997138,88.391741,12791.553775
formal-mixed-v1-seed303-rep3-short_prompt,short_prompt,303,3,formal-303-000052,54,54,19,19,69.50015,107.029149,14966.893623
formal-mixed-v1-seed303-rep3-short_prompt,short_prompt,303,3,formal-303-000058,60,60,20,20,845.891615,874.736781,16379.584054
formal-mixed-v1-seed101-rep4-short_prompt,short_prompt,101,4,formal-101-000001,1,1,1,1,0.038169,31.832194,486.721677
formal-mixed-v1-seed101-rep4-short_prompt,short_prompt,101,4,formal-101-000002,2,2,2,2,31.800923,58.839936,980.891335
formal-mixed-v1-seed101-rep4-short_prompt,short_prompt,101,4,formal-101-000003,3,3,3,3,58.794938,94.330512,1615.296004
formal-mixed-v1-seed101-rep4-short_prompt,short_prompt,101,4,formal-101-000006,6,6,4,4,51.425968,99.483536,2895.307062
formal-mixed-v1-seed101-rep4-short_prompt,short_prompt,101,4,formal-101-000008,9,9,5,5,69.695824,101.504749,4117.224729
formal-mixed-v1-seed101-rep4-short_prompt,short_prompt,101,4,formal-101-000011,12,12,6,6,54.15487,97.290146,4905.591567
formal-mixed-v1-seed101-rep4-short_prompt,short_prompt,101,4,formal-101-000014,15,15,7,7,72.328117,106.170458,5705.858348
formal-mixed-v1-seed101-rep4-short_prompt,short_prompt,101,4,formal-101-000016,18,18,8,8,57.916513,86.518238,6459.93553
formal-mixed-v1-seed101-rep4-short_prompt,short_prompt,101,4,formal-101-000019,20,20,9,9,28.462145,60.503054,6852.565004
formal-mixed-v1-seed101-rep4-short_prompt,short_prompt,101,4,formal-101-000020,21,21,10,10,57.667307,88.010278,7180.626979
formal-mixed-v1-seed101-rep4-short_prompt,short_prompt,101,4,formal-101-000023,24,24,11,11,52.014466,96.691231,7891.008556
formal-mixed-v1-seed101-rep4-short_prompt,short_prompt,101,4,formal-101-000027,27,27,12,12,51.804814,99.127351,8613.459503
formal-mixed-v1-seed101-rep4-short_prompt,short_prompt,101,4,formal-101-000030,30,30,13,13,52.394365,98.500087,9326.23412
formal-mixed-v1-seed101-rep4-short_prompt,short_prompt,101,4,formal-101-000036,36,36,14,14,63.857158,108.021317,10785.199586
formal-mixed-v1-seed101-rep4-short_prompt,short_prompt,101,4,formal-101-000037,39,39,15,15,51.827494,86.092019,11510.466244
formal-mixed-v1-seed101-rep4-short_prompt,short_prompt,101,4,formal-101-000040,42,42,16,16,56.935122,89.463024,12213.281498
formal-mixed-v1-seed101-rep4-short_prompt,short_prompt,101,4,formal-101-000045,45,45,17,17,52.705002,100.742813,12933.108966
formal-mixed-v1-seed101-rep4-short_prompt,short_prompt,101,4,formal-101-000046,48,48,18,18,54.481265,89.758725,13639.817903
formal-mixed-v1-seed101-rep4-short_prompt,short_prompt,101,4,formal-101-000053,54,54,19,19,57.145948,93.933559,15087.896786
formal-mixed-v1-seed101-rep4-short_prompt,short_prompt,101,4,formal-101-000059,60,60,20,20,899.874118,938.225669,16560.167164
formal-mixed-v1-seed202-rep4-short_prompt,short_prompt,202,4,formal-202-000005,6,6,1,1,47.94209,89.140391,2125.395599
formal-mixed-v1-seed202-rep4-short_prompt,short_prompt,202,4,formal-202-000011,11,11,2,2,23.326505,56.633097,3512.488811
formal-mixed-v1-seed202-rep4-short_prompt,short_prompt,202,4,formal-202-000012,12,12,3,3,46.871754,82.117917,3923.435747
formal-mixed-v1-seed202-rep4-short_prompt,short_prompt,202,4,formal-202-000016,18,18,4,4,44.565456,79.552349,5161.718672
formal-mixed-v1-seed202-rep4-short_prompt,short_prompt,202,4,formal-202-000021,21,21,5,5,44.5279,78.34429,5762.785173
formal-mixed-v1-seed202-rep4-short_prompt,short_prompt,202,4,formal-202-000028,29,29,6,6,24.206737,61.38239,7310.743308
formal-mixed-v1-seed202-rep4-short_prompt,short_prompt,202,4,formal-202-000029,30,30,7,7,47.72595,85.009131,7606.084756
formal-mixed-v1-seed202-rep4-short_prompt,short_prompt,202,4,formal-202-000033,33,33,8,8,49.080821,92.646367,8231.317189
formal-mixed-v1-seed202-rep4-short_prompt,short_prompt,202,4,formal-202-000035,35,35,9,9,24.665384,50.141827,8537.962903
formal-mixed-v1-seed202-rep4-short_prompt,short_prompt,202,4,formal-202-000036,36,36,10,10,50.066142,73.279887,8822.361428
formal-mixed-v1-seed202-rep4-short_prompt,short_prompt,202,4,formal-202-000037,37,37,11,11,0.02304,30.11948,8864.365531
formal-mixed-v1-seed202-rep4-short_prompt,short_prompt,202,4,formal-202-000038,38,38,12,12,23.112735,52.940856,9153.676265
formal-mixed-v1-seed202-rep4-short_prompt,short_prompt,202,4,formal-202-000039,39,39,13,13,45.935805,77.863757,9444.144955
formal-mixed-v1-seed202-rep4-short_prompt,short_prompt,202,4,formal-202-000041,42,42,14,14,45.999779,82.981275,10143.233726
formal-mixed-v1-seed202-rep4-short_prompt,short_prompt,202,4,formal-202-000044,45,45,15,15,45.196438,71.442597,10738.960082
formal-mixed-v1-seed202-rep4-short_prompt,short_prompt,202,4,formal-202-000048,48,48,16,16,45.806736,78.967612,11322.366694
formal-mixed-v1-seed202-rep4-short_prompt,short_prompt,202,4,formal-202-000053,53,53,17,17,23.561649,62.463975,12249.088489
formal-mixed-v1-seed202-rep4-short_prompt,short_prompt,202,4,formal-202-000054,54,54,18,18,46.780912,85.902383,12525.905922
formal-mixed-v1-seed202-rep4-short_prompt,short_prompt,202,4,formal-202-000058,59,59,19,19,26.632268,59.593538,13505.189092
formal-mixed-v1-seed202-rep4-short_prompt,short_prompt,202,4,formal-202-000060,60,60,20,20,55.877791,83.637096,13806.941423
formal-mixed-v1-seed303-rep4-short_prompt,short_prompt,303,4,formal-303-000005,6,6,1,1,61.047268,111.678806,2980.962064
formal-mixed-v1-seed303-rep4-short_prompt,short_prompt,303,4,formal-303-000010,11,11,2,2,27.493267,67.495773,4686.557966
formal-mixed-v1-seed303-rep4-short_prompt,short_prompt,303,4,formal-303-000012,12,12,3,3,55.374109,93.755036,5064.35899
formal-mixed-v1-seed303-rep4-short_prompt,short_prompt,303,4,formal-303-000013,14,14,4,4,30.039924,78.504315,5512.043255
formal-mixed-v1-seed303-rep4-short_prompt,short_prompt,303,4,formal-303-000015,15,15,5,5,58.030708,108.03037,5863.060655
formal-mixed-v1-seed303-rep4-short_prompt,short_prompt,303,4,formal-303-000017,17,17,6,6,27.085256,57.548162,6279.224316
formal-mixed-v1-seed303-rep4-short_prompt,short_prompt,303,4,formal-303-000018,18,18,7,7,56.892099,90.154993,6649.27621
formal-mixed-v1-seed303-rep4-short_prompt,short_prompt,303,4,formal-303-000019,21,21,8,8,59.091696,97.00857,7406.062667
formal-mixed-v1-seed303-rep4-short_prompt,short_prompt,303,4,formal-303-000023,24,24,9,9,54.910491,85.705157,8156.673934
formal-mixed-v1-seed303-rep4-short_prompt,short_prompt,303,4,formal-303-000025,26,26,10,10,26.351811,72.227083,8573.47141
formal-mixed-v1-seed303-rep4-short_prompt,short_prompt,303,4,formal-303-000027,27,27,11,11,55.385032,102.495958,8894.356677
formal-mixed-v1-seed303-rep4-short_prompt,short_prompt,303,4,formal-303-000029,30,30,12,12,59.683976,107.122815,9582.704603
formal-mixed-v1-seed303-rep4-short_prompt,short_prompt,303,4,formal-303-000033,33,33,13,13,55.613252,89.783458,10272.812983
formal-mixed-v1-seed303-rep4-short_prompt,short_prompt,303,4,formal-303-000038,39,39,14,14,55.337233,83.88948,11604.879811
formal-mixed-v1-seed303-rep4-short_prompt,short_prompt,303,4,formal-303-000041,42,42,15,15,54.925118,96.20037,12271.184977
formal-mixed-v1-seed303-rep4-short_prompt,short_prompt,303,4,formal-303-000043,43,43,16,16,0.067166,42.942664,12353.835159
formal-mixed-v1-seed303-rep4-short_prompt,short_prompt,303,4,formal-303-000044,44,44,17,17,28.042133,70.929718,12650.587952
formal-mixed-v1-seed303-rep4-short_prompt,short_prompt,303,4,formal-303-000045,45,45,18,18,56.00335,98.669048,12958.899386
formal-mixed-v1-seed303-rep4-short_prompt,short_prompt,303,4,formal-303-000052,54,54,19,19,53.456918,87.107361,14926.001254
formal-mixed-v1-seed303-rep4-short_prompt,short_prompt,303,4,formal-303-000058,60,60,20,20,1057.568502,1101.77754,16330.613471
formal-mixed-v1-seed101-rep0-aged_short_prompt,aged_short_prompt,101,0,formal-101-000001,1,1,1,1,0.042802,31.879825,520.845166
formal-mixed-v1-seed101-rep0-aged_short_prompt,aged_short_prompt,101,0,formal-101-000002,2,2,2,2,31.836864,63.321805,985.17472
formal-mixed-v1-seed101-rep0-aged_short_prompt,aged_short_prompt,101,0,formal-101-000003,3,3,3,3,63.280863,92.811679,1456.783384
formal-mixed-v1-seed101-rep0-aged_short_prompt,aged_short_prompt,101,0,formal-101-000006,6,6,4,4,53.17075,83.081845,2661.455276
formal-mixed-v1-seed101-rep0-aged_short_prompt,aged_short_prompt,101,0,formal-101-000008,9,9,5,5,51.164247,101.294463,3861.901772
formal-mixed-v1-seed101-rep0-aged_short_prompt,aged_short_prompt,101,0,formal-101-000011,12,12,6,6,48.873754,83.491503,4685.486785
formal-mixed-v1-seed101-rep0-aged_short_prompt,aged_short_prompt,101,0,formal-101-000014,15,15,7,7,51.812356,81.734869,5424.058443
formal-mixed-v1-seed101-rep0-aged_short_prompt,aged_short_prompt,101,0,formal-101-000016,18,18,8,8,50.520273,80.773827,6135.145093
formal-mixed-v1-seed101-rep0-aged_short_prompt,aged_short_prompt,101,0,formal-101-000019,20,20,9,9,27.736804,83.252528,6517.85032
formal-mixed-v1-seed101-rep0-aged_short_prompt,aged_short_prompt,101,0,formal-101-000020,21,21,10,10,55.668339,111.586666,6837.038432
formal-mixed-v1-seed101-rep0-aged_short_prompt,aged_short_prompt,101,0,formal-101-000023,24,24,11,11,50.093456,90.390187,7526.912449
formal-mixed-v1-seed101-rep0-aged_short_prompt,aged_short_prompt,101,0,formal-101-000027,27,27,12,12,51.90062,90.999143,8221.399148
formal-mixed-v1-seed101-rep0-aged_short_prompt,aged_short_prompt,101,0,formal-101-000030,30,30,13,13,53.781557,101.34909,8927.599127
formal-mixed-v1-seed101-rep0-aged_short_prompt,aged_short_prompt,101,0,formal-101-000036,36,36,14,14,56.637225,99.968186,10335.784934
formal-mixed-v1-seed101-rep0-aged_short_prompt,aged_short_prompt,101,0,formal-101-000037,39,39,15,15,51.607503,97.952741,11047.350148
formal-mixed-v1-seed101-rep0-aged_short_prompt,aged_short_prompt,101,0,formal-101-000040,42,42,16,16,52.803357,77.801612,11789.742301
formal-mixed-v1-seed101-rep0-aged_short_prompt,aged_short_prompt,101,0,formal-101-000045,45,45,17,17,52.518511,93.400307,12502.614527
formal-mixed-v1-seed101-rep0-aged_short_prompt,aged_short_prompt,101,0,formal-101-000046,48,48,18,18,50.364832,84.2592,13209.376408
formal-mixed-v1-seed101-rep0-aged_short_prompt,aged_short_prompt,101,0,formal-101-000053,54,54,19,19,52.579636,85.648653,14695.56891
formal-mixed-v1-seed101-rep0-aged_short_prompt,aged_short_prompt,101,0,formal-101-000059,60,60,20,20,676.538152,714.738446,16122.139722
formal-mixed-v1-seed202-rep0-aged_short_prompt,aged_short_prompt,202,0,formal-202-000005,6,6,1,1,55.198934,91.078435,2621.753717
formal-mixed-v1-seed202-rep0-aged_short_prompt,aged_short_prompt,202,0,formal-202-000011,11,11,2,2,26.286337,58.323577,4365.112138
formal-mixed-v1-seed202-rep0-aged_short_prompt,aged_short_prompt,202,0,formal-202-000012,12,12,3,3,51.428165,85.627854,4712.093457
formal-mixed-v1-seed202-rep0-aged_short_prompt,aged_short_prompt,202,0,formal-202-000016,18,18,4,4,55.182339,86.119311,6170.068016
formal-mixed-v1-seed202-rep0-aged_short_prompt,aged_short_prompt,202,0,formal-202-000021,21,21,5,5,52.877612,98.593113,6898.26951
formal-mixed-v1-seed202-rep0-aged_short_prompt,aged_short_prompt,202,0,formal-202-000028,29,29,6,6,26.0541,68.500488,8705.857936
formal-mixed-v1-seed202-rep0-aged_short_prompt,aged_short_prompt,202,0,formal-202-000029,30,30,7,7,51.404357,96.186945,9039.682768
formal-mixed-v1-seed202-rep0-aged_short_prompt,aged_short_prompt,202,0,formal-202-000033,33,33,8,8,52.124001,98.237351,9756.426625
formal-mixed-v1-seed202-rep0-aged_short_prompt,aged_short_prompt,202,0,formal-202-000035,35,35,9,9,27.689792,73.634894,10143.090881
formal-mixed-v1-seed202-rep0-aged_short_prompt,aged_short_prompt,202,0,formal-202-000036,36,36,10,10,54.85778,102.013365,10471.852034
formal-mixed-v1-seed202-rep0-aged_short_prompt,aged_short_prompt,202,0,formal-202-000037,37,37,11,11,0.030128,31.032515,10542.050908
formal-mixed-v1-seed202-rep0-aged_short_prompt,aged_short_prompt,202,0,formal-202-000038,38,38,12,12,27.818076,59.86098,10849.394987
formal-mixed-v1-seed202-rep0-aged_short_prompt,aged_short_prompt,202,0,formal-202-000039,39,39,13,13,56.652887,86.899721,11173.16715
formal-mixed-v1-seed202-rep0-aged_short_prompt,aged_short_prompt,202,0,formal-202-000041,42,42,14,14,52.004244,85.751487,11879.050694
formal-mixed-v1-seed202-rep0-aged_short_prompt,aged_short_prompt,202,0,formal-202-000044,45,45,15,15,51.259937,94.150628,12609.948711
formal-mixed-v1-seed202-rep0-aged_short_prompt,aged_short_prompt,202,0,formal-202-000048,48,48,16,16,54.089043,93.376766,13304.860406
formal-mixed-v1-seed202-rep0-aged_short_prompt,aged_short_prompt,202,0,formal-202-000053,53,53,17,17,25.814901,53.47451,14413.681911
formal-mixed-v1-seed202-rep0-aged_short_prompt,aged_short_prompt,202,0,formal-202-000054,54,54,18,18,52.434063,81.123071,14716.72152
formal-mixed-v1-seed202-rep0-aged_short_prompt,aged_short_prompt,202,0,formal-202-000058,59,59,19,19,357.965309,397.034833,15843.953485
formal-mixed-v1-seed202-rep0-aged_short_prompt,aged_short_prompt,202,0,formal-202-000060,60,60,20,20,706.052275,744.523523,16189.918613
formal-mixed-v1-seed303-rep0-aged_short_prompt,aged_short_prompt,303,0,formal-303-000005,6,6,1,1,55.121449,97.942252,2951.569553
formal-mixed-v1-seed303-rep0-aged_short_prompt,aged_short_prompt,303,0,formal-303-000010,11,11,2,2,29.911721,59.169997,4732.619997
formal-mixed-v1-seed303-rep0-aged_short_prompt,aged_short_prompt,303,0,formal-303-000012,12,12,3,3,59.070504,89.238775,5103.217084
formal-mixed-v1-seed303-rep0-aged_short_prompt,aged_short_prompt,303,0,formal-303-000013,14,14,4,4,26.847409,77.483277,5607.958805
formal-mixed-v1-seed303-rep0-aged_short_prompt,aged_short_prompt,303,0,formal-303-000015,15,15,5,5,54.850045,105.831466,5976.958828
formal-mixed-v1-seed303-rep0-aged_short_prompt,aged_short_prompt,303,0,formal-303-000017,17,17,6,6,26.986076,63.834857,6445.13023
formal-mixed-v1-seed303-rep0-aged_short_prompt,aged_short_prompt,303,0,formal-303-000018,18,18,7,7,57.265266,91.088361,6781.095422
formal-mixed-v1-seed303-rep0-aged_short_prompt,aged_short_prompt,303,0,formal-303-000019,21,21,8,8,54.038359,100.324436,7560.995291
formal-mixed-v1-seed303-rep0-aged_short_prompt,aged_short_prompt,303,0,formal-303-000023,24,24,9,9,52.444612,80.764524,8346.959979
formal-mixed-v1-seed303-rep0-aged_short_prompt,aged_short_prompt,303,0,formal-303-000025,26,26,10,10,27.692849,62.374934,8786.517064
formal-mixed-v1-seed303-rep0-aged_short_prompt,aged_short_prompt,303,0,formal-303-000027,27,27,11,11,56.503128,94.608576,9140.838021
formal-mixed-v1-seed303-rep0-aged_short_prompt,aged_short_prompt,303,0,formal-303-000029,30,30,12,12,64.508181,123.37121,9921.142337
formal-mixed-v1-seed303-rep0-aged_short_prompt,aged_short_prompt,303,0,formal-303-000033,33,33,13,13,56.848906,100.123789,10724.451973
formal-mixed-v1-seed303-rep0-aged_short_prompt,aged_short_prompt,303,0,formal-303-000038,39,39,14,14,55.120051,95.281622,12325.744243
formal-mixed-v1-seed303-rep0-aged_short_prompt,aged_short_prompt,303,0,formal-303-000041,42,42,15,15,59.293786,94.481685,13111.6833
formal-mixed-v1-seed303-rep0-aged_short_prompt,aged_short_prompt,303,0,formal-303-000043,43,43,16,16,0.027725,34.377439,13196.661927
formal-mixed-v1-seed303-rep0-aged_short_prompt,aged_short_prompt,303,0,formal-303-000044,44,44,17,17,26.517514,60.750561,13545.159207
formal-mixed-v1-seed303-rep0-aged_short_prompt,aged_short_prompt,303,0,formal-303-000045,45,45,18,18,52.896102,88.815522,13888.390224
formal-mixed-v1-seed303-rep0-aged_short_prompt,aged_short_prompt,303,0,formal-303-000052,54,54,19,19,55.528532,101.398047,16265.743869
formal-mixed-v1-seed303-rep0-aged_short_prompt,aged_short_prompt,303,0,formal-303-000058,60,60,20,20,1095.858558,1127.268955,17981.975359
formal-mixed-v1-seed101-rep1-aged_short_prompt,aged_short_prompt,101,1,formal-101-000001,1,1,1,1,0.042567,31.709884,496.398603
formal-mixed-v1-seed101-rep1-aged_short_prompt,aged_short_prompt,101,1,formal-101-000002,2,2,2,2,31.639877,62.723328,970.202133
formal-mixed-v1-seed101-rep1-aged_short_prompt,aged_short_prompt,101,1,formal-101-000003,3,3,3,3,62.654592,93.223705,1456.17017
formal-mixed-v1-seed101-rep1-aged_short_prompt,aged_short_prompt,101,1,formal-101-000006,6,6,4,4,52.591137,91.739798,2644.115443
formal-mixed-v1-seed101-rep1-aged_short_prompt,aged_short_prompt,101,1,formal-101-000008,9,9,5,5,51.782461,96.797003,3757.078251
formal-mixed-v1-seed101-rep1-aged_short_prompt,aged_short_prompt,101,1,formal-101-000011,12,12,6,6,52.714002,95.088465,4690.964892
formal-mixed-v1-seed101-rep1-aged_short_prompt,aged_short_prompt,101,1,formal-101-000014,15,15,7,7,51.666343,89.613675,5437.761632
formal-mixed-v1-seed101-rep1-aged_short_prompt,aged_short_prompt,101,1,formal-101-000016,18,18,8,8,51.142789,93.819428,6154.638412
formal-mixed-v1-seed101-rep1-aged_short_prompt,aged_short_prompt,101,1,formal-101-000019,20,20,9,9,25.263689,66.358858,6537.492678
formal-mixed-v1-seed101-rep1-aged_short_prompt,aged_short_prompt,101,1,formal-101-000020,21,21,10,10,50.362473,94.915138,6855.171817
formal-mixed-v1-seed101-rep1-aged_short_prompt,aged_short_prompt,101,1,formal-101-000023,24,24,11,11,53.223005,84.678372,7566.196497
formal-mixed-v1-seed101-rep1-aged_short_prompt,aged_short_prompt,101,1,formal-101-000027,27,27,12,12,50.954591,88.911146,8261.212857
formal-mixed-v1-seed101-rep1-aged_short_prompt,aged_short_prompt,101,1,formal-101-000030,30,30,13,13,51.364068,88.562507,8967.827918
formal-mixed-v1-seed101-rep1-aged_short_prompt,aged_short_prompt,101,1,formal-101-000036,36,36,14,14,57.713077,105.1707,10399.732266
formal-mixed-v1-seed101-rep1-aged_short_prompt,aged_short_prompt,101,1,formal-101-000037,39,39,15,15,50.292377,84.203705,11104.002924
formal-mixed-v1-seed101-rep1-aged_short_prompt,aged_short_prompt,101,1,formal-101-000040,42,42,16,16,51.093724,81.789567,11812.021069
formal-mixed-v1-seed101-rep1-aged_short_prompt,aged_short_prompt,101,1,formal-101-000045,45,45,17,17,52.463071,86.007726,12591.900578
formal-mixed-v1-seed101-rep1-aged_short_prompt,aged_short_prompt,101,1,formal-101-000046,48,48,18,18,52.142618,100.271791,13319.0279
formal-mixed-v1-seed101-rep1-aged_short_prompt,aged_short_prompt,101,1,formal-101-000053,54,54,19,19,54.408038,91.787363,14771.306243
formal-mixed-v1-seed101-rep1-aged_short_prompt,aged_short_prompt,101,1,formal-101-000059,60,60,20,20,681.259765,722.269024,16218.605756
formal-mixed-v1-seed202-rep1-aged_short_prompt,aged_short_prompt,202,1,formal-202-000005,6,6,1,1,61.586393,101.405867,2719.825996
formal-mixed-v1-seed202-rep1-aged_short_prompt,aged_short_prompt,202,1,formal-202-000011,11,11,2,2,26.842787,61.57243,4456.651181
formal-mixed-v1-seed202-rep1-aged_short_prompt,aged_short_prompt,202,1,formal-202-000012,12,12,3,3,55.34251,87.603843,4813.042011
formal-mixed-v1-seed202-rep1-aged_short_prompt,aged_short_prompt,202,1,formal-202-000016,18,18,4,4,54.231897,82.63358,6329.888627
formal-mixed-v1-seed202-rep1-aged_short_prompt,aged_short_prompt,202,1,formal-202-000021,21,21,5,5,55.76588,94.348334,7055.769537
formal-mixed-v1-seed202-rep1-aged_short_prompt,aged_short_prompt,202,1,formal-202-000028,29,29,6,6,27.478428,64.358684,8948.447597
formal-mixed-v1-seed202-rep1-aged_short_prompt,aged_short_prompt,202,1,formal-202-000029,30,30,7,7,53.648583,93.084982,9271.127438
formal-mixed-v1-seed202-rep1-aged_short_prompt,aged_short_prompt,202,1,formal-202-000033,33,33,8,8,54.463837,94.469445,9986.633439
formal-mixed-v1-seed202-rep1-aged_short_prompt,aged_short_prompt,202,1,formal-202-000035,35,35,9,9,27.067462,55.173391,10385.489736
formal-mixed-v1-seed202-rep1-aged_short_prompt,aged_short_prompt,202,1,formal-202-000036,36,36,10,10,53.384944,78.681842,10718.729387
formal-mixed-v1-seed202-rep1-aged_short_prompt,aged_short_prompt,202,1,formal-202-000037,37,37,11,11,0.045259,37.483298,10790.92823
formal-mixed-v1-seed202-rep1-aged_short_prompt,aged_short_prompt,202,1,formal-202-000038,38,38,12,12,28.218501,64.675126,11117.997521
formal-mixed-v1-seed202-rep1-aged_short_prompt,aged_short_prompt,202,1,formal-202-000039,39,39,13,13,55.413084,91.570885,11445.179381
formal-mixed-v1-seed202-rep1-aged_short_prompt,aged_short_prompt,202,1,formal-202-000041,42,42,14,14,57.65913,94.426678,12215.667128
formal-mixed-v1-seed202-rep1-aged_short_prompt,aged_short_prompt,202,1,formal-202-000044,45,45,15,15,54.688475,106.806566,12935.764705
formal-mixed-v1-seed202-rep1-aged_short_prompt,aged_short_prompt,202,1,formal-202-000048,48,48,16,16,53.01666,92.725206,13688.01606
formal-mixed-v1-seed202-rep1-aged_short_prompt,aged_short_prompt,202,1,formal-202-000053,53,53,17,17,28.254188,72.997552,14832.078203
formal-mixed-v1-seed202-rep1-aged_short_prompt,aged_short_prompt,202,1,formal-202-000054,54,54,18,18,54.97366,99.242287,15150.504438
formal-mixed-v1-seed202-rep1-aged_short_prompt,aged_short_prompt,202,1,formal-202-000058,59,59,19,19,434.960666,480.96032,16289.097955
formal-mixed-v1-seed202-rep1-aged_short_prompt,aged_short_prompt,202,1,formal-202-000060,60,60,20,20,790.995965,838.807731,16614.822489
formal-mixed-v1-seed303-rep1-aged_short_prompt,aged_short_prompt,303,1,formal-303-000005,6,6,1,1,54.161214,89.056431,2656.171013
formal-mixed-v1-seed303-rep1-aged_short_prompt,aged_short_prompt,303,1,formal-303-000010,11,11,2,2,25.481639,66.499093,4358.55139
formal-mixed-v1-seed303-rep1-aged_short_prompt,aged_short_prompt,303,1,formal-303-000012,12,12,3,3,51.766887,94.597607,4687.386186
formal-mixed-v1-seed303-rep1-aged_short_prompt,aged_short_prompt,303,1,formal-303-000013,14,14,4,4,24.826408,59.705522,5122.418105
formal-mixed-v1-seed303-rep1-aged_short_prompt,aged_short_prompt,303,1,formal-303-000015,15,15,5,5,50.374583,83.738568,5435.731751
formal-mixed-v1-seed303-rep1-aged_short_prompt,aged_short_prompt,303,1,formal-303-000017,17,17,6,6,25.915716,57.112669,5834.201362
formal-mixed-v1-seed303-rep1-aged_short_prompt,aged_short_prompt,303,1,formal-303-000018,18,18,7,7,53.436829,84.222391,6151.223668
formal-mixed-v1-seed303-rep1-aged_short_prompt,aged_short_prompt,303,1,formal-303-000019,21,21,8,8,53.639548,84.572347,6850.789177
formal-mixed-v1-seed303-rep1-aged_short_prompt,aged_short_prompt,303,1,formal-303-000023,24,24,9,9,51.245447,78.851137,7568.790911
formal-mixed-v1-seed303-rep1-aged_short_prompt,aged_short_prompt,303,1,formal-303-000025,26,26,10,10,24.9859,52.480638,7970.160869
formal-mixed-v1-seed303-rep1-aged_short_prompt,aged_short_prompt,303,1,formal-303-000027,27,27,11,11,50.526387,77.792516,8287.279291
formal-mixed-v1-seed303-rep1-aged_short_prompt,aged_short_prompt,303,1,formal-303-000029,30,30,12,12,51.31745,94.334436,9004.279152
formal-mixed-v1-seed303-rep1-aged_short_prompt,aged_short_prompt,303,1,formal-303-000033,33,33,13,13,51.84236,86.487957,9718.304896
formal-mixed-v1-seed303-rep1-aged_short_prompt,aged_short_prompt,303,1,formal-303-000038,39,39,14,14,49.070855,85.006979,11135.437112
formal-mixed-v1-seed303-rep1-aged_short_prompt,aged_short_prompt,303,1,formal-303-000041,42,42,15,15,52.427703,89.297174,11832.485275
formal-mixed-v1-seed303-rep1-aged_short_prompt,aged_short_prompt,303,1,formal-303-000043,43,43,16,16,0.030973,43.556587,11915.451755
formal-mixed-v1-seed303-rep1-aged_short_prompt,aged_short_prompt,303,1,formal-303-000044,44,44,17,17,27.952485,72.472724,12231.921714
formal-mixed-v1-seed303-rep1-aged_short_prompt,aged_short_prompt,303,1,formal-303-000045,45,45,18,18,56.871797,102.315128,12556.242824
formal-mixed-v1-seed303-rep1-aged_short_prompt,aged_short_prompt,303,1,formal-303-000052,54,54,19,19,49.573179,95.775223,14728.453206
formal-mixed-v1-seed303-rep1-aged_short_prompt,aged_short_prompt,303,1,formal-303-000058,60,60,20,20,685.230578,718.15969,16152.047938
formal-mixed-v1-seed101-rep2-aged_short_prompt,aged_short_prompt,101,2,formal-101-000001,1,1,1,1,0.073594,31.585675,492.803232
formal-mixed-v1-seed101-rep2-aged_short_prompt,aged_short_prompt,101,2,formal-101-000002,2,2,2,2,31.524588,63.690737,967.771029
formal-mixed-v1-seed101-rep2-aged_short_prompt,aged_short_prompt,101,2,formal-101-000003,3,3,3,3,63.632024,93.521206,1443.927341
formal-mixed-v1-seed101-rep2-aged_short_prompt,aged_short_prompt,101,2,formal-101-000006,6,6,4,4,52.165558,88.257856,2664.227101
formal-mixed-v1-seed101-rep2-aged_short_prompt,aged_short_prompt,101,2,formal-101-000008,9,9,5,5,54.680618,96.797215,3860.772345
formal-mixed-v1-seed101-rep2-aged_short_prompt,aged_short_prompt,101,2,formal-101-000011,12,12,6,6,60.00452,94.396433,4690.491797
formal-mixed-v1-seed101-rep2-aged_short_prompt,aged_short_prompt,101,2,formal-101-000014,15,15,7,7,52.553981,89.141541,5446.515174
formal-mixed-v1-seed101-rep2-aged_short_prompt,aged_short_prompt,101,2,formal-101-000016,18,18,8,8,52.93593,86.493245,6163.948538
formal-mixed-v1-seed101-rep2-aged_short_prompt,aged_short_prompt,101,2,formal-101-000019,20,20,9,9,29.111701,66.580694,6563.05669
formal-mixed-v1-seed101-rep2-aged_short_prompt,aged_short_prompt,101,2,formal-101-000020,21,21,10,10,56.797197,101.983561,6886.17215
formal-mixed-v1-seed101-rep2-aged_short_prompt,aged_short_prompt,101,2,formal-101-000023,24,24,11,11,53.937053,89.136943,7610.60608
formal-mixed-v1-seed101-rep2-aged_short_prompt,aged_short_prompt,101,2,formal-101-000027,27,27,12,12,56.182475,84.716297,8355.576782
formal-mixed-v1-seed101-rep2-aged_short_prompt,aged_short_prompt,101,2,formal-101-000030,30,30,13,13,55.907916,85.062778,9109.214105
formal-mixed-v1-seed101-rep2-aged_short_prompt,aged_short_prompt,101,2,formal-101-000036,36,36,14,14,51.199006,96.870065,10562.225582
formal-mixed-v1-seed101-rep2-aged_short_prompt,aged_short_prompt,101,2,formal-101-000037,39,39,15,15,54.295225,99.871598,11288.711203
formal-mixed-v1-seed101-rep2-aged_short_prompt,aged_short_prompt,101,2,formal-101-000040,42,42,16,16,52.661253,81.187807,12015.99737
formal-mixed-v1-seed101-rep2-aged_short_prompt,aged_short_prompt,101,2,formal-101-000045,45,45,17,17,52.66625,80.938092,12740.826692
formal-mixed-v1-seed101-rep2-aged_short_prompt,aged_short_prompt,101,2,formal-101-000046,48,48,18,18,51.231274,86.62123,13465.85969
formal-mixed-v1-seed101-rep2-aged_short_prompt,aged_short_prompt,101,2,formal-101-000053,54,54,19,19,51.714121,91.234332,14909.569016
formal-mixed-v1-seed101-rep2-aged_short_prompt,aged_short_prompt,101,2,formal-101-000059,60,60,20,20,686.421818,719.011147,16372.225516
formal-mixed-v1-seed202-rep2-aged_short_prompt,aged_short_prompt,202,2,formal-202-000005,6,6,1,1,50.881131,90.699124,2712.982146
formal-mixed-v1-seed202-rep2-aged_short_prompt,aged_short_prompt,202,2,formal-202-000011,11,11,2,2,25.642461,72.313499,4431.273331
formal-mixed-v1-seed202-rep2-aged_short_prompt,aged_short_prompt,202,2,formal-202-000012,12,12,3,3,52.610542,99.942367,4760.236088
formal-mixed-v1-seed202-rep2-aged_short_prompt,aged_short_prompt,202,2,formal-202-000016,18,18,4,4,54.282086,97.868791,6180.61243
formal-mixed-v1-seed202-rep2-aged_short_prompt,aged_short_prompt,202,2,formal-202-000021,21,21,5,5,56.34588,103.583895,6904.691327
formal-mixed-v1-seed202-rep2-aged_short_prompt,aged_short_prompt,202,2,formal-202-000028,29,29,6,6,23.68853,49.752697,8661.551171
formal-mixed-v1-seed202-rep2-aged_short_prompt,aged_short_prompt,202,2,formal-202-000029,30,30,7,7,48.858971,75.588765,8983.176249
formal-mixed-v1-seed202-rep2-aged_short_prompt,aged_short_prompt,202,2,formal-202-000033,33,33,8,8,56.231851,90.049162,9682.122675
formal-mixed-v1-seed202-rep2-aged_short_prompt,aged_short_prompt,202,2,formal-202-000035,35,35,9,9,30.598257,66.02502,10046.646877
formal-mixed-v1-seed202-rep2-aged_short_prompt,aged_short_prompt,202,2,formal-202-000036,36,36,10,10,58.286963,93.134259,10376.626196
formal-mixed-v1-seed202-rep2-aged_short_prompt,aged_short_prompt,202,2,formal-202-000037,37,37,11,11,0.029327,35.317181,10456.263931
formal-mixed-v1-seed202-rep2-aged_short_prompt,aged_short_prompt,202,2,formal-202-000038,38,38,12,12,26.102785,62.017562,10761.432127
formal-mixed-v1-seed202-rep2-aged_short_prompt,aged_short_prompt,202,2,formal-202-000039,39,39,13,13,52.811703,88.903317,11089.42124
formal-mixed-v1-seed202-rep2-aged_short_prompt,aged_short_prompt,202,2,formal-202-000041,42,42,14,14,51.045827,79.172673,11774.042611
formal-mixed-v1-seed202-rep2-aged_short_prompt,aged_short_prompt,202,2,formal-202-000044,45,45,15,15,60.422015,102.399208,12487.367383
formal-mixed-v1-seed202-rep2-aged_short_prompt,aged_short_prompt,202,2,formal-202-000048,48,48,16,16,55.401365,103.297232,13188.514697
formal-mixed-v1-seed202-rep2-aged_short_prompt,aged_short_prompt,202,2,formal-202-000053,53,53,17,17,25.792509,55.211962,14265.485245
formal-mixed-v1-seed202-rep2-aged_short_prompt,aged_short_prompt,202,2,formal-202-000054,54,54,18,18,51.421143,80.736716,14581.562359
formal-mixed-v1-seed202-rep2-aged_short_prompt,aged_short_prompt,202,2,formal-202-000058,59,59,19,19,418.56429,455.685922,15732.365354
formal-mixed-v1-seed202-rep2-aged_short_prompt,aged_short_prompt,202,2,formal-202-000060,60,60,20,20,747.865222,784.47562,16049.204065
formal-mixed-v1-seed303-rep2-aged_short_prompt,aged_short_prompt,303,2,formal-303-000005,6,6,1,1,52.268488,102.549881,2674.24758
formal-mixed-v1-seed303-rep2-aged_short_prompt,aged_short_prompt,303,2,formal-303-000010,11,11,2,2,24.726793,70.213667,4354.047892
formal-mixed-v1-seed303-rep2-aged_short_prompt,aged_short_prompt,303,2,formal-303-000012,12,12,3,3,51.716057,96.401889,4705.041397
formal-mixed-v1-seed303-rep2-aged_short_prompt,aged_short_prompt,303,2,formal-303-000013,14,14,4,4,32.914059,71.580543,5129.10155
formal-mixed-v1-seed303-rep2-aged_short_prompt,aged_short_prompt,303,2,formal-303-000015,15,15,5,5,64.288283,98.882702,5458.20241
formal-mixed-v1-seed303-rep2-aged_short_prompt,aged_short_prompt,303,2,formal-303-000017,17,17,6,6,27.713204,77.698051,5847.101712
formal-mixed-v1-seed303-rep2-aged_short_prompt,aged_short_prompt,303,2,formal-303-000018,18,18,7,7,57.8717,104.426477,6169.383027
formal-mixed-v1-seed303-rep2-aged_short_prompt,aged_short_prompt,303,2,formal-303-000019,21,21,8,8,51.852656,86.781929,6932.931721
formal-mixed-v1-seed303-rep2-aged_short_prompt,aged_short_prompt,303,2,formal-303-000023,24,24,9,9,54.094837,88.456994,7655.748782
formal-mixed-v1-seed303-rep2-aged_short_prompt,aged_short_prompt,303,2,formal-303-000025,26,26,10,10,26.21917,64.255516,8064.220189
formal-mixed-v1-seed303-rep2-aged_short_prompt,aged_short_prompt,303,2,formal-303-000027,27,27,11,11,52.848865,91.689375,8425.35064
formal-mixed-v1-seed303-rep2-aged_short_prompt,aged_short_prompt,303,2,formal-303-000029,30,30,12,12,50.93508,92.890241,9165.625977
formal-mixed-v1-seed303-rep2-aged_short_prompt,aged_short_prompt,303,2,formal-303-000033,33,33,13,13,51.553173,96.305472,9887.727694
formal-mixed-v1-seed303-rep2-aged_short_prompt,aged_short_prompt,303,2,formal-303-000038,39,39,14,14,51.972677,88.858435,11394.244757
formal-mixed-v1-seed303-rep2-aged_short_prompt,aged_short_prompt,303,2,formal-303-000041,42,42,15,15,52.591528,88.513048,12114.161232
formal-mixed-v1-seed303-rep2-aged_short_prompt,aged_short_prompt,303,2,formal-303-000043,43,43,16,16,0.027967,33.063429,12196.314748
formal-mixed-v1-seed303-rep2-aged_short_prompt,aged_short_prompt,303,2,formal-303-000044,44,44,17,17,26.033643,58.48168,12508.422854
formal-mixed-v1-seed303-rep2-aged_short_prompt,aged_short_prompt,303,2,formal-303-000045,45,45,18,18,51.459356,84.496841,12830.482855
formal-mixed-v1-seed303-rep2-aged_short_prompt,aged_short_prompt,303,2,formal-303-000052,54,54,19,19,54.221285,95.152579,14983.587637
formal-mixed-v1-seed303-rep2-aged_short_prompt,aged_short_prompt,303,2,formal-303-000058,60,60,20,20,700.185258,742.561492,16424.062256
formal-mixed-v1-seed101-rep3-aged_short_prompt,aged_short_prompt,101,3,formal-101-000001,1,1,1,1,0.044212,31.373234,497.68913
formal-mixed-v1-seed101-rep3-aged_short_prompt,aged_short_prompt,101,3,formal-101-000002,2,2,2,2,31.310331,60.724012,986.93333
formal-mixed-v1-seed101-rep3-aged_short_prompt,aged_short_prompt,101,3,formal-101-000003,3,3,3,3,60.672869,88.683617,1457.512684
formal-mixed-v1-seed101-rep3-aged_short_prompt,aged_short_prompt,101,3,formal-101-000006,6,6,4,4,60.149707,108.598019,2615.6535
formal-mixed-v1-seed101-rep3-aged_short_prompt,aged_short_prompt,101,3,formal-101-000008,9,9,5,5,49.610623,78.843867,3720.495301
formal-mixed-v1-seed101-rep3-aged_short_prompt,aged_short_prompt,101,3,formal-101-000011,12,12,6,6,53.406675,90.532966,4638.813179
formal-mixed-v1-seed101-rep3-aged_short_prompt,aged_short_prompt,101,3,formal-101-000014,15,15,7,7,53.619373,89.048709,5445.473611
formal-mixed-v1-seed101-rep3-aged_short_prompt,aged_short_prompt,101,3,formal-101-000016,18,18,8,8,52.701413,89.817256,6142.573212
formal-mixed-v1-seed101-rep3-aged_short_prompt,aged_short_prompt,101,3,formal-101-000019,20,20,9,9,25.21222,53.806131,6556.171727
formal-mixed-v1-seed101-rep3-aged_short_prompt,aged_short_prompt,101,3,formal-101-000020,21,21,10,10,52.438588,80.435212,6886.879333
formal-mixed-v1-seed101-rep3-aged_short_prompt,aged_short_prompt,101,3,formal-101-000023,24,24,11,11,51.658083,87.788899,7613.617068
formal-mixed-v1-seed101-rep3-aged_short_prompt,aged_short_prompt,101,3,formal-101-000027,27,27,12,12,50.547195,91.868334,8329.290002
formal-mixed-v1-seed101-rep3-aged_short_prompt,aged_short_prompt,101,3,formal-101-000030,30,30,13,13,50.587541,82.175393,9062.412864
formal-mixed-v1-seed101-rep3-aged_short_prompt,aged_short_prompt,101,3,formal-101-000036,36,36,14,14,50.080497,94.481618,10497.14666
formal-mixed-v1-seed101-rep3-aged_short_prompt,aged_short_prompt,101,3,formal-101-000037,39,39,15,15,52.284537,96.923864,11270.789064
formal-mixed-v1-seed101-rep3-aged_short_prompt,aged_short_prompt,101,3,formal-101-000040,42,42,16,16,53.637681,96.382257,12032.546718
formal-mixed-v1-seed101-rep3-aged_short_prompt,aged_short_prompt,101,3,formal-101-000045,45,45,17,17,54.81384,95.396549,12859.674412
formal-mixed-v1-seed101-rep3-aged_short_prompt,aged_short_prompt,101,3,formal-101-000046,48,48,18,18,52.540534,98.705048,13633.035643
formal-mixed-v1-seed101-rep3-aged_short_prompt,aged_short_prompt,101,3,formal-101-000053,54,54,19,19,51.297984,90.176195,15078.456928
formal-mixed-v1-seed101-rep3-aged_short_prompt,aged_short_prompt,101,3,formal-101-000059,60,60,20,20,636.473739,674.442763,16585.712424
formal-mixed-v1-seed202-rep3-aged_short_prompt,aged_short_prompt,202,3,formal-202-000005,6,6,1,1,57.425317,108.948438,2891.398088
formal-mixed-v1-seed202-rep3-aged_short_prompt,aged_short_prompt,202,3,formal-202-000011,11,11,2,2,26.623329,60.905215,4636.44845
formal-mixed-v1-seed202-rep3-aged_short_prompt,aged_short_prompt,202,3,formal-202-000012,12,12,3,3,54.065258,90.420993,5017.757817
formal-mixed-v1-seed202-rep3-aged_short_prompt,aged_short_prompt,202,3,formal-202-000016,18,18,4,4,60.258645,97.8162,6574.331995
formal-mixed-v1-seed202-rep3-aged_short_prompt,aged_short_prompt,202,3,formal-202-000021,21,21,5,5,58.903247,97.064034,7350.937392
formal-mixed-v1-seed202-rep3-aged_short_prompt,aged_short_prompt,202,3,formal-202-000028,29,29,6,6,33.649759,70.396165,9316.293376
formal-mixed-v1-seed202-rep3-aged_short_prompt,aged_short_prompt,202,3,formal-202-000029,30,30,7,7,66.164436,103.605129,9660.958548
formal-mixed-v1-seed202-rep3-aged_short_prompt,aged_short_prompt,202,3,formal-202-000033,33,33,8,8,54.757752,89.249996,10436.700321
formal-mixed-v1-seed202-rep3-aged_short_prompt,aged_short_prompt,202,3,formal-202-000035,35,35,9,9,26.078841,64.283678,10866.126119
formal-mixed-v1-seed202-rep3-aged_short_prompt,aged_short_prompt,202,3,formal-202-000036,36,36,10,10,51.540237,90.96962,11218.001406
formal-mixed-v1-seed202-rep3-aged_short_prompt,aged_short_prompt,202,3,formal-202-000037,37,37,11,11,0.045359,35.010066,11288.097135
formal-mixed-v1-seed202-rep3-aged_short_prompt,aged_short_prompt,202,3,formal-202-000038,38,38,12,12,26.841791,62.250332,11634.965393
formal-mixed-v1-seed202-rep3-aged_short_prompt,aged_short_prompt,202,3,formal-202-000039,39,39,13,13,54.094805,90.258986,11987.37062
formal-mixed-v1-seed202-rep3-aged_short_prompt,aged_short_prompt,202,3,formal-202-000041,42,42,14,14,63.956704,114.825065,12757.451453
formal-mixed-v1-seed202-rep3-aged_short_prompt,aged_short_prompt,202,3,formal-202-000044,45,45,15,15,54.747583,105.842717,13525.699668
formal-mixed-v1-seed202-rep3-aged_short_prompt,aged_short_prompt,202,3,formal-202-000048,48,48,16,16,50.609287,98.392055,14278.929597
formal-mixed-v1-seed202-rep3-aged_short_prompt,aged_short_prompt,202,3,formal-202-000053,53,53,17,17,28.449506,75.782983,15456.777101
formal-mixed-v1-seed202-rep3-aged_short_prompt,aged_short_prompt,202,3,formal-202-000054,54,54,18,18,55.416571,106.566789,15781.514463
formal-mixed-v1-seed202-rep3-aged_short_prompt,aged_short_prompt,202,3,formal-202-000058,59,59,19,19,622.060741,668.248084,16985.835858
formal-mixed-v1-seed202-rep3-aged_short_prompt,aged_short_prompt,202,3,formal-202-000060,60,60,20,20,1002.934809,1047.808699,17336.255258
formal-mixed-v1-seed303-rep3-aged_short_prompt,aged_short_prompt,303,3,formal-303-000005,6,6,1,1,51.77766,98.318264,2636.71795
formal-mixed-v1-seed303-rep3-aged_short_prompt,aged_short_prompt,303,3,formal-303-000010,11,11,2,2,25.628487,57.60563,4336.726676
formal-mixed-v1-seed303-rep3-aged_short_prompt,aged_short_prompt,303,3,formal-303-000012,12,12,3,3,52.159942,83.311671,4694.145909
formal-mixed-v1-seed303-rep3-aged_short_prompt,aged_short_prompt,303,3,formal-303-000013,14,14,4,4,24.794499,70.84444,5105.064612
formal-mixed-v1-seed303-rep3-aged_short_prompt,aged_short_prompt,303,3,formal-303-000015,15,15,5,5,55.569948,97.822309,5429.734137
formal-mixed-v1-seed303-rep3-aged_short_prompt,aged_short_prompt,303,3,formal-303-000017,17,17,6,6,25.967135,68.140777,5839.219259
formal-mixed-v1-seed303-rep3-aged_short_prompt,aged_short_prompt,303,3,formal-303-000018,18,18,7,7,52.341912,98.274735,6148.391163
formal-mixed-v1-seed303-rep3-aged_short_prompt,aged_short_prompt,303,3,formal-303-000019,21,21,8,8,51.674529,97.750282,6848.717881
formal-mixed-v1-seed303-rep3-aged_short_prompt,aged_short_prompt,303,3,formal-303-000023,24,24,9,9,50.892865,83.682417,7568.085698
formal-mixed-v1-seed303-rep3-aged_short_prompt,aged_short_prompt,303,3,formal-303-000025,26,26,10,10,23.942593,56.211924,7963.275516
formal-mixed-v1-seed303-rep3-aged_short_prompt,aged_short_prompt,303,3,formal-303-000027,27,27,11,11,49.400913,81.854669,8288.911059
formal-mixed-v1-seed303-rep3-aged_short_prompt,aged_short_prompt,303,3,formal-303-000029,30,30,12,12,52.29121,82.413186,9005.866511
formal-mixed-v1-seed303-rep3-aged_short_prompt,aged_short_prompt,303,3,formal-303-000033,33,33,13,13,52.074044,79.365596,9710.158414
formal-mixed-v1-seed303-rep3-aged_short_prompt,aged_short_prompt,303,3,formal-303-000038,39,39,14,14,51.096392,79.006152,11158.452371
formal-mixed-v1-seed303-rep3-aged_short_prompt,aged_short_prompt,303,3,formal-303-000041,42,42,15,15,52.701282,98.689847,11909.424729
formal-mixed-v1-seed303-rep3-aged_short_prompt,aged_short_prompt,303,3,formal-303-000043,43,43,16,16,0.029989,41.107359,11961.953202
formal-mixed-v1-seed303-rep3-aged_short_prompt,aged_short_prompt,303,3,formal-303-000044,44,44,17,17,26.160392,67.945686,12289.393909
formal-mixed-v1-seed303-rep3-aged_short_prompt,aged_short_prompt,303,3,formal-303-000045,45,45,18,18,53.004089,94.922125,12610.949105
formal-mixed-v1-seed303-rep3-aged_short_prompt,aged_short_prompt,303,3,formal-303-000052,54,54,19,19,51.648108,96.675757,14702.841193
formal-mixed-v1-seed303-rep3-aged_short_prompt,aged_short_prompt,303,3,formal-303-000058,60,60,20,20,675.840658,720.394291,16135.824592
formal-mixed-v1-seed101-rep4-aged_short_prompt,aged_short_prompt,101,4,formal-101-000001,1,1,1,1,0.048166,32.392325,498.966432
formal-mixed-v1-seed101-rep4-aged_short_prompt,aged_short_prompt,101,4,formal-101-000002,2,2,2,2,32.349194,63.444801,980.748793
formal-mixed-v1-seed101-rep4-aged_short_prompt,aged_short_prompt,101,4,formal-101-000003,3,3,3,3,63.401661,96.494211,1460.129117
formal-mixed-v1-seed101-rep4-aged_short_prompt,aged_short_prompt,101,4,formal-101-000006,6,6,4,4,56.267103,99.330393,2643.83482
formal-mixed-v1-seed101-rep4-aged_short_prompt,aged_short_prompt,101,4,formal-101-000008,9,9,5,5,48.085895,94.398108,3758.422275
formal-mixed-v1-seed101-rep4-aged_short_prompt,aged_short_prompt,101,4,formal-101-000011,12,12,6,6,53.965572,94.628297,4686.798752
formal-mixed-v1-seed101-rep4-aged_short_prompt,aged_short_prompt,101,4,formal-101-000014,15,15,7,7,51.404709,79.676195,5458.511818
formal-mixed-v1-seed101-rep4-aged_short_prompt,aged_short_prompt,101,4,formal-101-000016,18,18,8,8,53.663457,82.583258,6262.456262
formal-mixed-v1-seed101-rep4-aged_short_prompt,aged_short_prompt,101,4,formal-101-000019,20,20,9,9,26.956098,69.357517,6638.822852
formal-mixed-v1-seed101-rep4-aged_short_prompt,aged_short_prompt,101,4,formal-101-000020,21,21,10,10,50.82705,94.603857,6960.439186
formal-mixed-v1-seed101-rep4-aged_short_prompt,aged_short_prompt,101,4,formal-101-000023,24,24,11,11,53.375251,87.104596,7671.852722
formal-mixed-v1-seed101-rep4-aged_short_prompt,aged_short_prompt,101,4,formal-101-000027,27,27,12,12,52.047008,100.435826,8384.250446
formal-mixed-v1-seed101-rep4-aged_short_prompt,aged_short_prompt,101,4,formal-101-000030,30,30,13,13,50.584574,80.441416,9142.815937
formal-mixed-v1-seed101-rep4-aged_short_prompt,aged_short_prompt,101,4,formal-101-000036,36,36,14,14,50.41164,81.073986,10634.629894
formal-mixed-v1-seed101-rep4-aged_short_prompt,aged_short_prompt,101,4,formal-101-000037,39,39,15,15,52.059187,90.872701,11357.386755
formal-mixed-v1-seed101-rep4-aged_short_prompt,aged_short_prompt,101,4,formal-101-000040,42,42,16,16,52.761383,89.137673,12066.595706
formal-mixed-v1-seed101-rep4-aged_short_prompt,aged_short_prompt,101,4,formal-101-000045,45,45,17,17,56.670035,97.15415,12781.278634
formal-mixed-v1-seed101-rep4-aged_short_prompt,aged_short_prompt,101,4,formal-101-000046,48,48,18,18,50.969611,90.463934,13498.028997
formal-mixed-v1-seed101-rep4-aged_short_prompt,aged_short_prompt,101,4,formal-101-000053,54,54,19,19,53.618362,96.964202,14944.099403
formal-mixed-v1-seed101-rep4-aged_short_prompt,aged_short_prompt,101,4,formal-101-000059,60,60,20,20,677.471218,717.090634,16395.925769
formal-mixed-v1-seed202-rep4-aged_short_prompt,aged_short_prompt,202,4,formal-202-000005,6,6,1,1,52.062498,82.479914,2691.988762
formal-mixed-v1-seed202-rep4-aged_short_prompt,aged_short_prompt,202,4,formal-202-000011,11,11,2,2,25.928035,74.211919,4389.577766
formal-mixed-v1-seed202-rep4-aged_short_prompt,aged_short_prompt,202,4,formal-202-000012,12,12,3,3,54.075098,101.791476,4738.927898
formal-mixed-v1-seed202-rep4-aged_short_prompt,aged_short_prompt,202,4,formal-202-000016,18,18,4,4,62.479209,90.377399,6208.699684
formal-mixed-v1-seed202-rep4-aged_short_prompt,aged_short_prompt,202,4,formal-202-000021,21,21,5,5,50.325899,79.83319,6911.068621
formal-mixed-v1-seed202-rep4-aged_short_prompt,aged_short_prompt,202,4,formal-202-000028,29,29,6,6,24.702125,63.744878,8709.522655
formal-mixed-v1-seed202-rep4-aged_short_prompt,aged_short_prompt,202,4,formal-202-000029,30,30,7,7,51.343317,89.883075,9027.467124
formal-mixed-v1-seed202-rep4-aged_short_prompt,aged_short_prompt,202,4,formal-202-000033,33,33,8,8,49.463629,78.020838,9733.742211
formal-mixed-v1-seed202-rep4-aged_short_prompt,aged_short_prompt,202,4,formal-202-000035,35,35,9,9,29.150384,60.055529,10120.294097
formal-mixed-v1-seed202-rep4-aged_short_prompt,aged_short_prompt,202,4,formal-202-000036,36,36,10,10,55.731183,86.418121,10449.06464
formal-mixed-v1-seed202-rep4-aged_short_prompt,aged_short_prompt,202,4,formal-202-000037,37,37,11,11,0.029659,34.820856,10525.105905
formal-mixed-v1-seed202-rep4-aged_short_prompt,aged_short_prompt,202,4,formal-202-000038,38,38,12,12,27.118048,60.425376,10843.183993
formal-mixed-v1-seed202-rep4-aged_short_prompt,aged_short_prompt,202,4,formal-202-000039,39,39,13,13,52.727235,88.388255,11160.539071
formal-mixed-v1-seed202-rep4-aged_short_prompt,aged_short_prompt,202,4,formal-202-000041,42,42,14,14,58.477386,96.914699,11880.769352
formal-mixed-v1-seed202-rep4-aged_short_prompt,aged_short_prompt,202,4,formal-202-000044,45,45,15,15,49.648155,89.305573,12639.637443
formal-mixed-v1-seed202-rep4-aged_short_prompt,aged_short_prompt,202,4,formal-202-000048,48,48,16,16,53.91113,90.8912,13359.654057
formal-mixed-v1-seed202-rep4-aged_short_prompt,aged_short_prompt,202,4,formal-202-000053,53,53,17,17,24.506107,52.407427,14459.190445
formal-mixed-v1-seed202-rep4-aged_short_prompt,aged_short_prompt,202,4,formal-202-000054,54,54,18,18,50.773899,78.254116,14783.975788
formal-mixed-v1-seed202-rep4-aged_short_prompt,aged_short_prompt,202,4,formal-202-000058,59,59,19,19,381.211506,413.113734,15949.412156
formal-mixed-v1-seed202-rep4-aged_short_prompt,aged_short_prompt,202,4,formal-202-000060,60,60,20,20,731.324884,761.804816,16269.0128
formal-mixed-v1-seed303-rep4-aged_short_prompt,aged_short_prompt,303,4,formal-303-000005,6,6,1,1,57.962722,96.678363,2672.789991
formal-mixed-v1-seed303-rep4-aged_short_prompt,aged_short_prompt,303,4,formal-303-000010,11,11,2,2,25.240517,73.497452,4367.576102
formal-mixed-v1-seed303-rep4-aged_short_prompt,aged_short_prompt,303,4,formal-303-000012,12,12,3,3,52.067476,101.448379,4704.951743
formal-mixed-v1-seed303-rep4-aged_short_prompt,aged_short_prompt,303,4,formal-303-000013,14,14,4,4,29.761801,69.681162,5150.596964
formal-mixed-v1-seed303-rep4-aged_short_prompt,aged_short_prompt,303,4,formal-303-000015,15,15,5,5,56.158561,95.606635,5534.662174
formal-mixed-v1-seed303-rep4-aged_short_prompt,aged_short_prompt,303,4,formal-303-000017,17,17,6,6,25.760939,58.98514,5943.293999
formal-mixed-v1-seed303-rep4-aged_short_prompt,aged_short_prompt,303,4,formal-303-000018,18,18,7,7,53.460053,85.480413,6272.676906
formal-mixed-v1-seed303-rep4-aged_short_prompt,aged_short_prompt,303,4,formal-303-000019,21,21,8,8,51.562411,107.814732,6972.629484
formal-mixed-v1-seed303-rep4-aged_short_prompt,aged_short_prompt,303,4,formal-303-000023,24,24,9,9,53.540096,83.456643,7689.470252
formal-mixed-v1-seed303-rep4-aged_short_prompt,aged_short_prompt,303,4,formal-303-000025,26,26,10,10,26.199903,67.261632,8074.597282
formal-mixed-v1-seed303-rep4-aged_short_prompt,aged_short_prompt,303,4,formal-303-000027,27,27,11,11,53.917611,93.308582,8386.368125
formal-mixed-v1-seed303-rep4-aged_short_prompt,aged_short_prompt,303,4,formal-303-000029,30,30,12,12,51.881407,84.184938,9085.748913
formal-mixed-v1-seed303-rep4-aged_short_prompt,aged_short_prompt,303,4,formal-303-000033,33,33,13,13,51.933775,83.34529,9797.6243
formal-mixed-v1-seed303-rep4-aged_short_prompt,aged_short_prompt,303,4,formal-303-000038,39,39,14,14,51.684118,95.516865,11236.888603
formal-mixed-v1-seed303-rep4-aged_short_prompt,aged_short_prompt,303,4,formal-303-000041,42,42,15,15,49.605584,83.465194,12023.692767
formal-mixed-v1-seed303-rep4-aged_short_prompt,aged_short_prompt,303,4,formal-303-000043,43,43,16,16,0.029148,39.501432,12102.977494
formal-mixed-v1-seed303-rep4-aged_short_prompt,aged_short_prompt,303,4,formal-303-000044,44,44,17,17,26.75468,66.593579,12448.117281
formal-mixed-v1-seed303-rep4-aged_short_prompt,aged_short_prompt,303,4,formal-303-000045,45,45,18,18,53.854659,94.898722,12784.063071
formal-mixed-v1-seed303-rep4-aged_short_prompt,aged_short_prompt,303,4,formal-303-000052,54,54,19,19,49.430887,78.385206,14962.956161
formal-mixed-v1-seed303-rep4-aged_short_prompt,aged_short_prompt,303,4,formal-303-000058,60,60,20,20,695.782948,732.739226,16430.794601
