trace_seed,repeat_index,paired_key,candidate,reference,prompt_class,metric,run_statistic,candidate_ms,reference_ms,delta_ms,delta_percent
101,0,seed101-rep0,short_prompt,baseline,overall,ttft_ms,mean,88.53208971666666,86.79631981666667,1.735769899999994,1.9998196970405313
101,0,seed101-rep0,short_prompt,baseline,overall,ttft_ms,median,65.8756105,66.6492905,-0.773680000000013,-1.1608225596940345
101,0,seed101-rep0,short_prompt,baseline,overall,queue_wait_ms,mean,48.96201811666666,50.632063583333334,-1.6700454666666715,-3.2983950257488694
101,0,seed101-rep0,short_prompt,baseline,overall,queue_wait_ms,median,27.556378000000002,27.759611999999997,-0.2032339999999948,-0.732121183826326
101,0,seed101-rep0,short_prompt,baseline,overall,e2e_latency_ms,mean,9149.0952418,9090.618405583335,58.476836216665106,0.643265767054411
101,0,seed101-rep0,short_prompt,baseline,overall,e2e_latency_ms,median,9335.883458,9241.700901,94.18255700000009,1.0191041455346066
101,0,seed101-rep0,short_prompt,baseline,short,ttft_ms,mean,52.31699189999999,70.2026966,-17.885704700000005,-25.47723316371868
101,0,seed101-rep0,short_prompt,baseline,short,ttft_ms,median,44.796304,72.3282395,-27.531935499999996,-38.0652642596119
101,0,seed101-rep0,short_prompt,baseline,short,queue_wait_ms,mean,13.9308446,33.8408947,-19.9100501,-58.83428992200965
101,0,seed101-rep0,short_prompt,baseline,short,queue_wait_ms,median,0.0324085,29.4346565,-29.402248,-99.88989679563612
101,0,seed101-rep0,short_prompt,baseline,short,e2e_latency_ms,mean,8841.34586485,9033.1033049,-191.7574400499998,-2.1228301457150516
101,0,seed101-rep0,short_prompt,baseline,short,e2e_latency_ms,median,8809.751475500001,8715.096765,94.65471050000087,1.0861005110136706
101,0,seed101-rep0,short_prompt,baseline,medium,ttft_ms,mean,85.5301928,103.01784385,-17.48765105000001,-16.97536115729917
101,0,seed101-rep0,short_prompt,baseline,medium,ttft_ms,median,62.019291,66.1974415,-4.178150499999994,-6.311649521983404
101,0,seed101-rep0,short_prompt,baseline,medium,queue_wait_ms,mean,45.5581351,67.4238671,-21.865731999999994,-32.43025495344214
101,0,seed101-rep0,short_prompt,baseline,medium,queue_wait_ms,median,25.906424,27.4070255,-1.5006014999999984,-5.475243929699698
101,0,seed101-rep0,short_prompt,baseline,medium,e2e_latency_ms,mean,10694.341681150001,10646.36025585,47.98142530000041,0.45068384073923673
101,0,seed101-rep0,short_prompt,baseline,medium,e2e_latency_ms,median,10235.840414499999,10154.8468225,80.9935919999989,0.7975855610204001
101,0,seed101-rep0,short_prompt,baseline,long,ttft_ms,mean,127.74908445000001,87.168419,40.58066545000001,46.554320837228914
101,0,seed101-rep0,short_prompt,baseline,long,ttft_ms,median,90.416477,64.2753565,26.1411205,40.67051810128816
101,0,seed101-rep0,short_prompt,baseline,long,ttft_ms,p90,110.722117,101.065296,9.656820999999994,9.555031630244265
101,0,seed101-rep0,short_prompt,baseline,long,ttft_ms,p95,117.823287,102.087334,15.735952999999995,15.414207016122093
101,0,seed101-rep0,short_prompt,baseline,long,ttft_ms,max,861.516509,518.127065,343.389444,66.27514121463622
101,0,seed101-rep0,short_prompt,baseline,long,queue_wait_ms,mean,87.39707465000001,50.63142895,36.76564570000001,72.6142762755267
101,0,seed101-rep0,short_prompt,baseline,long,queue_wait_ms,median,52.738535,26.007312499999998,26.7312225,102.78348637522622
101,0,seed101-rep0,short_prompt,baseline,long,queue_wait_ms,p90,61.99587,61.904125,0.09174499999999597,0.1482049863397568
101,0,seed101-rep0,short_prompt,baseline,long,queue_wait_ms,p95,64.10659,64.565458,-0.4588680000000096,-0.7107019979630742
101,0,seed101-rep0,short_prompt,baseline,long,queue_wait_ms,max,809.083663,479.752846,329.330817,68.64593295190166
101,0,seed101-rep0,short_prompt,baseline,long,e2e_latency_ms,mean,7911.598179399999,7592.391656,319.20652339999924,4.204294744828418
101,0,seed101-rep0,short_prompt,baseline,long,e2e_latency_ms,median,7466.837793000001,7055.034470500001,411.8033224999999,5.837013613780612
101,0,seed101-rep0,short_prompt,baseline,long,e2e_latency_ms,p90,13587.187987,12850.852339,736.3356480000002,5.729858444994776
101,0,seed101-rep0,short_prompt,baseline,long,e2e_latency_ms,p95,15008.829768,14595.988488,412.84127999999873,2.8284571499862006
101,0,seed101-rep0,short_prompt,baseline,long,e2e_latency_ms,max,16438.53888,16063.650998,374.8878820000009,2.3337651076126855
101,0,seed101-rep0,aged_short_prompt,baseline,overall,ttft_ms,mean,79.04265106666666,86.79631981666667,-7.753668750000003,-8.933176851711563
101,0,seed101-rep0,aged_short_prompt,baseline,overall,ttft_ms,median,62.7512585,66.6492905,-3.8980320000000077,-5.848572386528266
101,0,seed101-rep0,aged_short_prompt,baseline,overall,queue_wait_ms,mean,41.93540078333333,50.632063583333334,-8.696662800000006,-17.176196632172633
101,0,seed101-rep0,aged_short_prompt,baseline,overall,queue_wait_ms,median,26.129607,27.759611999999997,-1.630004999999997,-5.871858007237267
101,0,seed101-rep0,aged_short_prompt,baseline,overall,e2e_latency_ms,mean,8875.644177583334,9090.618405583335,-214.97422800000095,-2.364792123140563
101,0,seed101-rep0,aged_short_prompt,baseline,overall,e2e_latency_ms,median,8965.0455195,9241.700901,-276.65538150000066,-2.993554806237725
101,0,seed101-rep0,aged_short_prompt,baseline,short,ttft_ms,mean,42.73467155,70.2026966,-27.468025049999994,-39.12673783246098
101,0,seed101-rep0,aged_short_prompt,baseline,short,ttft_ms,median,37.8050525,72.3282395,-34.52318699999999,-47.73126961012233
101,0,seed101-rep0,aged_short_prompt,baseline,short,queue_wait_ms,mean,7.80389715,33.8408947,-26.03699755,-76.93944791004596
101,0,seed101-rep0,aged_short_prompt,baseline,short,queue_wait_ms,median,0.0318635,29.4346565,-29.402793,-99.89174835452894
101,0,seed101-rep0,aged_short_prompt,baseline,short,e2e_latency_ms,mean,8571.2882642,9033.1033049,-461.8150406999994,-5.112473810074642
101,0,seed101-rep0,aged_short_prompt,baseline,short,e2e_latency_ms,median,8461.7000445,8715.096765,-253.3967205000008,-2.9075606081351504
101,0,seed101-rep0,aged_short_prompt,baseline,medium,ttft_ms,mean,76.9064529,103.01784385,-26.11139095,-25.346473944863096
101,0,seed101-rep0,aged_short_prompt,baseline,medium,ttft_ms,median,58.703742000000005,66.1974415,-7.493699499999991,-11.32022526882703
101,0,seed101-rep0,aged_short_prompt,baseline,medium,queue_wait_ms,mean,38.85571015,67.4238671,-28.568156949999995,-42.37098549632137
101,0,seed101-rep0,aged_short_prompt,baseline,medium,queue_wait_ms,median,26.070425,27.4070255,-1.3366004999999994,-4.87685356442639
101,0,seed101-rep0,aged_short_prompt,baseline,medium,e2e_latency_ms,mean,10382.4329153,10646.36025585,-263.92734055000074,-2.4790382272192693
101,0,seed101-rep0,aged_short_prompt,baseline,medium,e2e_latency_ms,median,9866.0940095,10154.8468225,-288.75281299999915,-2.8434974751190953
101,0,seed101-rep0,aged_short_prompt,baseline,long,ttft_ms,mean,117.48682875,87.168419,30.31840975,34.78141521644439
101,0,seed101-rep0,aged_short_prompt,baseline,long,ttft_ms,median,88.01942,64.2753565,23.744063499999996,36.94116188993833
101,0,seed101-rep0,aged_short_prompt,baseline,long,ttft_ms,p90,101.34909,101.065296,0.2837940000000003,0.2808026209115346
101,0,seed101-rep0,aged_short_prompt,baseline,long,ttft_ms,p95,111.586666,102.087334,9.499331999999995,9.305103412730903
101,0,seed101-rep0,aged_short_prompt,baseline,long,ttft_ms,max,714.738446,518.127065,196.61138099999994,37.94655679683514
101,0,seed101-rep0,aged_short_prompt,baseline,long,queue_wait_ms,mean,79.14659505,50.63142895,28.515166100000002,56.31910197154331
101,0,seed101-rep0,aged_short_prompt,baseline,long,queue_wait_ms,median,51.856488,26.007312499999998,25.8491755,99.39195178279188
101,0,seed101-rep0,aged_short_prompt,baseline,long,queue_wait_ms,p90,56.637225,61.904125,-5.2669,-8.508156766612887
101,0,seed101-rep0,aged_short_prompt,baseline,long,queue_wait_ms,p95,63.280863,64.565458,-1.2845950000000101,-1.9896010030626747
101,0,seed101-rep0,aged_short_prompt,baseline,long,queue_wait_ms,max,676.538152,479.752846,196.785306,41.018059119549235
101,0,seed101-rep0,aged_short_prompt,baseline,long,e2e_latency_ms,mean,7673.211353250001,7592.391656,80.8196972500009,1.064482720489425
101,0,seed101-rep0,aged_short_prompt,baseline,long,e2e_latency_ms,median,7181.9754405,7055.034470500001,126.94096999999965,1.7992962405894972
101,0,seed101-rep0,aged_short_prompt,baseline,long,e2e_latency_ms,p90,13209.376408,12850.852339,358.52406900000096,2.789885523094415
101,0,seed101-rep0,aged_short_prompt,baseline,long,e2e_latency_ms,p95,14695.56891,14595.988488,99.58042199999909,0.6822451393536553
101,0,seed101-rep0,aged_short_prompt,baseline,long,e2e_latency_ms,max,16122.139722,16063.650998,58.48872400000073,0.3641060429368321
101,0,seed101-rep0,aged_short_prompt,short_prompt,overall,ttft_ms,mean,79.04265106666666,88.53208971666666,-9.489438649999997,-10.718643014492809
101,0,seed101-rep0,aged_short_prompt,short_prompt,overall,ttft_ms,median,62.7512585,65.8756105,-3.1243519999999947,-4.742805381667005
101,0,seed101-rep0,aged_short_prompt,short_prompt,overall,queue_wait_ms,mean,41.93540078333333,48.96201811666666,-7.026617333333334,-14.351159538788444
101,0,seed101-rep0,aged_short_prompt,short_prompt,overall,queue_wait_ms,median,26.129607,27.556378000000002,-1.4267710000000022,-5.177643447916131
101,0,seed101-rep0,aged_short_prompt,short_prompt,overall,e2e_latency_ms,mean,8875.644177583334,9149.0952418,-273.45106421666605,-2.9888317586566853
101,0,seed101-rep0,aged_short_prompt,short_prompt,overall,e2e_latency_ms,median,8965.0455195,9335.883458,-370.83793850000075,-3.972178317866923
101,0,seed101-rep0,aged_short_prompt,short_prompt,short,ttft_ms,mean,42.73467155,52.31699189999999,-9.58232034999999,-18.31588553163736
101,0,seed101-rep0,aged_short_prompt,short_prompt,short,ttft_ms,median,37.8050525,44.796304,-6.991251499999997,-15.60675965588589
101,0,seed101-rep0,aged_short_prompt,short_prompt,short,queue_wait_ms,mean,7.80389715,13.9308446,-6.12694745,-43.981162850671666
101,0,seed101-rep0,aged_short_prompt,short_prompt,short,queue_wait_ms,median,0.0318635,0.0324085,-0.0005449999999999969,-1.681657589829819
101,0,seed101-rep0,aged_short_prompt,short_prompt,short,e2e_latency_ms,mean,8571.2882642,8841.34586485,-270.0576006499996,-3.0544851969161293
101,0,seed101-rep0,aged_short_prompt,short_prompt,short,e2e_latency_ms,median,8461.7000445,8809.751475500001,-348.0514310000017,-3.9507519816868375
101,0,seed101-rep0,aged_short_prompt,short_prompt,medium,ttft_ms,mean,76.9064529,85.5301928,-8.62373989999999,-10.082684976713848
101,0,seed101-rep0,aged_short_prompt,short_prompt,medium,ttft_ms,median,58.703742000000005,62.019291,-3.315548999999997,-5.345996296539406
101,0,seed101-rep0,aged_short_prompt,short_prompt,medium,queue_wait_ms,mean,38.85571015,45.5581351,-6.702424950000001,-14.711807090628696
101,0,seed101-rep0,aged_short_prompt,short_prompt,medium,queue_wait_ms,median,26.070425,25.906424,0.16400099999999895,0.6330514778882602
101,0,seed101-rep0,aged_short_prompt,short_prompt,medium,e2e_latency_ms,mean,10382.4329153,10694.341681150001,-311.90876585000115,-2.916577524353612
101,0,seed101-rep0,aged_short_prompt,short_prompt,medium,e2e_latency_ms,median,9866.0940095,10235.840414499999,-369.74640499999805,-3.612272075639423
101,0,seed101-rep0,aged_short_prompt,short_prompt,long,ttft_ms,mean,117.48682875,127.74908445000001,-10.262255700000011,-8.033134440205384
101,0,seed101-rep0,aged_short_prompt,short_prompt,long,ttft_ms,median,88.01942,90.416477,-2.3970570000000038,-2.6511285105700413
101,0,seed101-rep0,aged_short_prompt,short_prompt,long,ttft_ms,p90,101.34909,110.722117,-9.373026999999993,-8.465361080478612
101,0,seed101-rep0,aged_short_prompt,short_prompt,long,ttft_ms,p95,111.586666,117.823287,-6.2366209999999995,-5.293198958199155
101,0,seed101-rep0,aged_short_prompt,short_prompt,long,ttft_ms,max,714.738446,861.516509,-146.7780630000001,-17.03717357318803
101,0,seed101-rep0,aged_short_prompt,short_prompt,long,queue_wait_ms,mean,79.14659505,87.39707465000001,-8.250479600000006,-9.440223981226818
101,0,seed101-rep0,aged_short_prompt,short_prompt,long,queue_wait_ms,median,51.856488,52.738535,-0.882047,-1.6724905232957268
101,0,seed101-rep0,aged_short_prompt,short_prompt,long,queue_wait_ms,p90,56.637225,61.99587,-5.358644999999996,-8.643551578516433
101,0,seed101-rep0,aged_short_prompt,short_prompt,long,queue_wait_ms,p95,63.280863,64.10659,-0.8257270000000005,-1.2880532251052514
101,0,seed101-rep0,aged_short_prompt,short_prompt,long,queue_wait_ms,max,676.538152,809.083663,-132.54551100000003,-16.382176165630977
101,0,seed101-rep0,aged_short_prompt,short_prompt,long,e2e_latency_ms,mean,7673.211353250001,7911.598179399999,-238.38682614999834,-3.013131111368919
101,0,seed101-rep0,aged_short_prompt,short_prompt,long,e2e_latency_ms,median,7181.9754405,7466.837793000001,-284.86235250000027,-3.815033356785286
101,0,seed101-rep0,aged_short_prompt,short_prompt,long,e2e_latency_ms,p90,13209.376408,13587.187987,-377.81157899999926,-2.780645850793286
101,0,seed101-rep0,aged_short_prompt,short_prompt,long,e2e_latency_ms,p95,14695.56891,15008.829768,-313.26085799999964,-2.087177100695061
101,0,seed101-rep0,aged_short_prompt,short_prompt,long,e2e_latency_ms,max,16122.139722,16438.53888,-316.39915800000017,-1.9247401506282789
101,1,seed101-rep1,short_prompt,baseline,overall,ttft_ms,mean,78.00052353333334,89.75876646666667,-11.758242933333335,-13.099826787058113
101,1,seed101-rep1,short_prompt,baseline,overall,ttft_ms,median,60.5564785,69.933176,-9.376697500000006,-13.40808188090872
101,1,seed101-rep1,short_prompt,baseline,overall,queue_wait_ms,mean,42.025370583333334,50.877229283333335,-8.851858700000001,-17.39846847929619
101,1,seed101-rep1,short_prompt,baseline,overall,queue_wait_ms,median,26.038045,27.700849,-1.6628040000000013,-6.002718544835941
101,1,seed101-rep1,short_prompt,baseline,overall,e2e_latency_ms,mean,8937.909539999999,9244.650250383333,-306.74071038333386,-3.318034777687936
101,1,seed101-rep1,short_prompt,baseline,overall,e2e_latency_ms,median,9059.885308500001,9361.094243,-301.2089344999986,-3.2176680063362824
101,1,seed101-rep1,short_prompt,baseline,short,ttft_ms,mean,45.1643816,73.30711915,-28.142737550000007,-38.39018348601959
101,1,seed101-rep1,short_prompt,baseline,short,ttft_ms,median,40.621077,70.322847,-29.701769999999996,-42.23630195176825
101,1,seed101-rep1,short_prompt,baseline,short,queue_wait_ms,mean,7.63645345,33.8777227,-26.24126925,-77.45877573406078
101,1,seed101-rep1,short_prompt,baseline,short,queue_wait_ms,median,0.028228,28.433999,-28.405771,-99.90072448128032
101,1,seed101-rep1,short_prompt,baseline,short,e2e_latency_ms,mean,8637.3926478,9180.775477300002,-543.3828295000021,-5.91870295536088
101,1,seed101-rep1,short_prompt,baseline,short,e2e_latency_ms,median,8530.337779500001,8827.431489999999,-297.09371049999754,-3.365573676063699
101,1,seed101-rep1,short_prompt,baseline,medium,ttft_ms,mean,74.81966165,106.04565434999999,-31.225992699999992,-29.445801330943453
101,1,seed101-rep1,short_prompt,baseline,medium,ttft_ms,median,60.426216,61.7469925,-1.320776500000001,-2.139013491223886
101,1,seed101-rep1,short_prompt,baseline,medium,queue_wait_ms,mean,39.5187514,67.83589045,-28.317139049999994,-41.74359452224158
101,1,seed101-rep1,short_prompt,baseline,medium,queue_wait_ms,median,26.305155499999998,26.5689505,-0.2637950000000018,-0.9928694774752272
101,1,seed101-rep1,short_prompt,baseline,medium,e2e_latency_ms,mean,10448.95819245,10842.9215368,-393.9633443500006,-3.633368949622303
101,1,seed101-rep1,short_prompt,baseline,medium,e2e_latency_ms,median,9978.6717015,10329.755765999998,-351.08406449999893,-3.398764428250849
101,1,seed101-rep1,short_prompt,baseline,long,ttft_ms,mean,114.01752735,89.92352589999999,24.094001450000007,26.793879809377014
101,1,seed101-rep1,short_prompt,baseline,long,ttft_ms,median,86.713612,70.3222375,16.391374499999998,23.30894903621347
101,1,seed101-rep1,short_prompt,baseline,long,ttft_ms,p90,96.393223,100.16588,-3.7726569999999953,-3.766409280285857
101,1,seed101-rep1,short_prompt,baseline,long,ttft_ms,p95,103.16457,101.289716,1.8748539999999991,1.8509815942222596
101,1,seed101-rep1,short_prompt,baseline,long,ttft_ms,max,722.970074,515.852819,207.117255,40.15045520183539
101,1,seed101-rep1,short_prompt,baseline,long,queue_wait_ms,mean,78.9209069,50.9180747,28.002832200000007,54.9958582782
101,1,seed101-rep1,short_prompt,baseline,long,queue_wait_ms,median,52.152158,29.552088,22.60007,76.47537459958836
101,1,seed101-rep1,short_prompt,baseline,long,queue_wait_ms,p90,56.191065,58.450984,-2.2599189999999965,-3.8663489394806363
101,1,seed101-rep1,short_prompt,baseline,long,queue_wait_ms,p95,56.451671,61.537067,-5.085396000000003,-8.263955771567733
101,1,seed101-rep1,short_prompt,baseline,long,queue_wait_ms,max,682.161225,479.652812,202.50841299999996,42.21979063473102
101,1,seed101-rep1,short_prompt,baseline,long,e2e_latency_ms,mean,7727.377779750001,7710.2537370499995,17.124042700001155,0.22209441198692562
101,1,seed101-rep1,short_prompt,baseline,long,e2e_latency_ms,median,7219.345835,7105.2474645,114.09837049999987,1.6058324649503117
101,1,seed101-rep1,short_prompt,baseline,long,e2e_latency_ms,p90,13337.30444,13137.685876,199.61856400000033,1.5194347458456492
101,1,seed101-rep1,short_prompt,baseline,long,e2e_latency_ms,p95,14736.40011,14926.807575,-190.40746500000023,-1.275607420027991
101,1,seed101-rep1,short_prompt,baseline,long,e2e_latency_ms,max,16138.536151,16412.444748,-273.90859700000146,-1.668907961035967
101,1,seed101-rep1,aged_short_prompt,baseline,overall,ttft_ms,mean,79.02862608333334,89.75876646666667,-10.730140383333335,-11.954420504785057
101,1,seed101-rep1,aged_short_prompt,baseline,overall,ttft_ms,median,62.990209,69.933176,-6.942967000000003,-9.92800183992788
101,1,seed101-rep1,aged_short_prompt,baseline,overall,queue_wait_ms,mean,41.91295616666667,50.877229283333335,-8.964273116666668,-17.619420795784645
101,1,seed101-rep1,aged_short_prompt,baseline,overall,queue_wait_ms,median,25.832743999999998,27.700849,-1.8681050000000035,-6.743854673912714
101,1,seed101-rep1,aged_short_prompt,baseline,overall,e2e_latency_ms,mean,8915.704296783333,9244.650250383333,-328.9459535999995,-3.558230378551743
101,1,seed101-rep1,aged_short_prompt,baseline,overall,e2e_latency_ms,median,9006.045106500002,9361.094243,-355.049136499998,-3.7928166011734703
101,1,seed101-rep1,aged_short_prompt,baseline,short,ttft_ms,mean,43.30867695,73.30711915,-29.998442200000007,-40.9215947207223
101,1,seed101-rep1,aged_short_prompt,baseline,short,ttft_ms,median,38.656969000000004,70.322847,-31.665877999999992,-45.029288987688446
101,1,seed101-rep1,aged_short_prompt,baseline,short,queue_wait_ms,mean,7.79675445,33.8777227,-26.080968249999998,-76.98560048134522
101,1,seed101-rep1,aged_short_prompt,baseline,short,queue_wait_ms,median,0.033164,28.433999,-28.400835,-99.88336498147869
101,1,seed101-rep1,aged_short_prompt,baseline,short,e2e_latency_ms,mean,8609.69800385,9180.775477300002,-571.077473450001,-6.220362047432954
101,1,seed101-rep1,aged_short_prompt,baseline,short,e2e_latency_ms,median,8495.8916535,8827.431489999999,-331.5398364999983,-3.755790536302404
101,1,seed101-rep1,aged_short_prompt,baseline,medium,ttft_ms,mean,76.29514215,106.04565434999999,-29.75051219999999,-28.0544378573114
101,1,seed101-rep1,aged_short_prompt,baseline,medium,ttft_ms,median,63.31633600000001,61.7469925,1.5693435000000093,2.5415707493769992
101,1,seed101-rep1,aged_short_prompt,baseline,medium,queue_wait_ms,mean,38.70340085,67.83589045,-29.132489599999992,-42.94554019523451
101,1,seed101-rep1,aged_short_prompt,baseline,medium,queue_wait_ms,median,26.2270625,26.5689505,-0.34188800000000086,-1.2867952763132322
101,1,seed101-rep1,aged_short_prompt,baseline,medium,e2e_latency_ms,mean,10436.823484550001,10842.9215368,-406.09805224999945,-3.745282587093667
101,1,seed101-rep1,aged_short_prompt,baseline,medium,e2e_latency_ms,median,9924.596548,10329.755765999998,-405.1592179999989,-3.92225360577803
101,1,seed101-rep1,aged_short_prompt,baseline,long,ttft_ms,mean,117.48205914999998,89.92352589999999,27.558533249999996,30.64663331890103
101,1,seed101-rep1,aged_short_prompt,baseline,long,ttft_ms,median,90.6767365,70.3222375,20.354499000000004,28.94461229280426
101,1,seed101-rep1,aged_short_prompt,baseline,long,ttft_ms,p90,100.271791,100.16588,0.10591099999999187,0.10573560577712877
101,1,seed101-rep1,aged_short_prompt,baseline,long,ttft_ms,p95,105.1707,101.289716,3.880983999999998,3.831567658852946
101,1,seed101-rep1,aged_short_prompt,baseline,long,ttft_ms,max,722.269024,515.852819,206.416205,40.014554035033775
101,1,seed101-rep1,aged_short_prompt,baseline,long,queue_wait_ms,mean,79.2387132,50.9180747,28.32063850000001,55.62001051072736
101,1,seed101-rep1,aged_short_prompt,baseline,long,queue_wait_ms,median,51.724402,29.552088,22.172313999999997,75.02791004141567
101,1,seed101-rep1,aged_short_prompt,baseline,long,queue_wait_ms,p90,57.713077,58.450984,-0.7379069999999999,-1.262437258541276
101,1,seed101-rep1,aged_short_prompt,baseline,long,queue_wait_ms,p95,62.654592,61.537067,1.1175250000000005,1.8160192782668705
101,1,seed101-rep1,aged_short_prompt,baseline,long,queue_wait_ms,max,681.259765,479.652812,201.60695300000003,42.031850529420026
101,1,seed101-rep1,aged_short_prompt,baseline,long,e2e_latency_ms,mean,7700.5914019500005,7710.2537370499995,-9.662335099998927,-0.12531799120395495
101,1,seed101-rep1,aged_short_prompt,baseline,long,e2e_latency_ms,median,7210.684157,7105.2474645,105.43669249999948,1.4839270979201442
101,1,seed101-rep1,aged_short_prompt,baseline,long,e2e_latency_ms,p90,13319.0279,13137.685876,181.34202399999958,1.3803193782496828
101,1,seed101-rep1,aged_short_prompt,baseline,long,e2e_latency_ms,p95,14771.306243,14926.807575,-155.50133199999982,-1.0417588035397436
101,1,seed101-rep1,aged_short_prompt,baseline,long,e2e_latency_ms,max,16218.605756,16412.444748,-193.83899200000087,-1.1810488624713988
101,1,seed101-rep1,aged_short_prompt,short_prompt,overall,ttft_ms,mean,79.02862608333334,78.00052353333334,1.0281025499999998,1.3180713454578836
101,1,seed101-rep1,aged_short_prompt,short_prompt,overall,ttft_ms,median,62.990209,60.5564785,2.433730500000003,4.0189432415559025
101,1,seed101-rep1,aged_short_prompt,short_prompt,overall,queue_wait_ms,mean,41.91295616666667,42.025370583333334,-0.11241441666666674,-0.2674917915209264
101,1,seed101-rep1,aged_short_prompt,short_prompt,overall,queue_wait_ms,median,25.832743999999998,26.038045,-0.20530100000000218,-0.7884654934731167
101,1,seed101-rep1,aged_short_prompt,short_prompt,overall,e2e_latency_ms,mean,8915.704296783333,8937.909539999999,-22.20524321666562,-0.2484388896227923
101,1,seed101-rep1,aged_short_prompt,short_prompt,overall,e2e_latency_ms,median,9006.045106500002,9059.885308500001,-53.84020199999941,-0.5942702381616954
101,1,seed101-rep1,aged_short_prompt,short_prompt,short,ttft_ms,mean,43.30867695,45.1643816,-1.8557046499999998,-4.108779051676421
101,1,seed101-rep1,aged_short_prompt,short_prompt,short,ttft_ms,median,38.656969000000004,40.621077,-1.964107999999996,-4.835194300732096
101,1,seed101-rep1,aged_short_prompt,short_prompt,short,queue_wait_ms,mean,7.79675445,7.63645345,0.16030099999999958,2.099155073092203
101,1,seed101-rep1,aged_short_prompt,short_prompt,short,queue_wait_ms,median,0.033164,0.028228,0.004935999999999999,17.4861839308488
101,1,seed101-rep1,aged_short_prompt,short_prompt,short,e2e_latency_ms,mean,8609.69800385,8637.3926478,-27.694643949998863,-0.3206366212499656
101,1,seed101-rep1,aged_short_prompt,short_prompt,short,e2e_latency_ms,median,8495.8916535,8530.337779500001,-34.44612600000073,-0.403807292165865
101,1,seed101-rep1,aged_short_prompt,short_prompt,medium,ttft_ms,mean,76.29514215,74.81966165,1.4754805000000033,1.9720491478592557
101,1,seed101-rep1,aged_short_prompt,short_prompt,medium,ttft_ms,median,63.31633600000001,60.426216,2.8901200000000102,4.782890922708135
101,1,seed101-rep1,aged_short_prompt,short_prompt,medium,queue_wait_ms,mean,38.70340085,39.5187514,-0.815350549999998,-2.063199167775321
101,1,seed101-rep1,aged_short_prompt,short_prompt,medium,queue_wait_ms,median,26.2270625,26.305155499999998,-0.07809299999999908,-0.29687336385446983
101,1,seed101-rep1,aged_short_prompt,short_prompt,medium,e2e_latency_ms,mean,10436.823484550001,10448.95819245,-12.13470789999883,-0.11613318453859721
101,1,seed101-rep1,aged_short_prompt,short_prompt,medium,e2e_latency_ms,median,9924.596548,9978.6717015,-54.07515349999994,-0.5419073311317711
101,1,seed101-rep1,aged_short_prompt,short_prompt,long,ttft_ms,mean,117.48205914999998,114.01752735,3.464531799999989,3.038595802349672
101,1,seed101-rep1,aged_short_prompt,short_prompt,long,ttft_ms,median,90.6767365,86.713612,3.9631245000000064,4.570360302832278
101,1,seed101-rep1,aged_short_prompt,short_prompt,long,ttft_ms,p90,100.271791,96.393223,3.878567999999987,4.023693657385008
101,1,seed101-rep1,aged_short_prompt,short_prompt,long,ttft_ms,p95,105.1707,103.16457,2.006129999999999,1.9445920241803933
101,1,seed101-rep1,aged_short_prompt,short_prompt,long,ttft_ms,max,722.269024,722.970074,-0.7010500000000093,-0.09696805237335582
101,1,seed101-rep1,aged_short_prompt,short_prompt,long,queue_wait_ms,mean,79.2387132,78.9209069,0.3178063000000009,0.40268961987815277
101,1,seed101-rep1,aged_short_prompt,short_prompt,long,queue_wait_ms,median,51.724402,52.152158,-0.42775600000000225,-0.8202076700258545
101,1,seed101-rep1,aged_short_prompt,short_prompt,long,queue_wait_ms,p90,57.713077,56.191065,1.5220119999999966,2.708637040426261
101,1,seed101-rep1,aged_short_prompt,short_prompt,long,queue_wait_ms,p95,62.654592,56.451671,6.2029210000000035,10.988020177471812
101,1,seed101-rep1,aged_short_prompt,short_prompt,long,queue_wait_ms,max,681.259765,682.161225,-0.9014599999999291,-0.13214764588824718
101,1,seed101-rep1,aged_short_prompt,short_prompt,long,e2e_latency_ms,mean,7700.5914019500005,7727.377779750001,-26.786377800000082,-0.34664252950328367
101,1,seed101-rep1,aged_short_prompt,short_prompt,long,e2e_latency_ms,median,7210.684157,7219.345835,-8.661678000000393,-0.11997870995468654
101,1,seed101-rep1,aged_short_prompt,short_prompt,long,e2e_latency_ms,p90,13319.0279,13337.30444,-18.27654000000075,-0.1370332369799362
101,1,seed101-rep1,aged_short_prompt,short_prompt,long,e2e_latency_ms,p95,14771.306243,14736.40011,34.90613300000041,0.23687014969356995
101,1,seed101-rep1,aged_short_prompt,short_prompt,long,e2e_latency_ms,max,16218.605756,16138.536151,80.06960500000059,0.4961392052589553
101,2,seed101-rep2,short_prompt,baseline,overall,ttft_ms,mean,79.73436251666666,79.14022216666667,0.5941403499999893,0.7507438489984897
101,2,seed101-rep2,short_prompt,baseline,overall,ttft_ms,median,65.146654,65.023915,0.12273899999999571,0.18875978168954563
101,2,seed101-rep2,short_prompt,baseline,overall,queue_wait_ms,mean,42.012509933333334,42.04863015,-0.036120216666667204,-0.08590105441679223
101,2,seed101-rep2,short_prompt,baseline,overall,queue_wait_ms,median,25.853278500000002,27.113976,-1.2606974999999991,-4.649622394000788
101,2,seed101-rep2,short_prompt,baseline,overall,e2e_latency_ms,mean,8997.005974416668,8934.007714616666,62.998259800002415,0.7051511685727876
101,2,seed101-rep2,short_prompt,baseline,overall,e2e_latency_ms,median,9131.3372145,9035.974962,95.36225249999916,1.0553620710663403
101,2,seed101-rep2,short_prompt,baseline,short,ttft_ms,mean,46.4221179,64.22130089999999,-17.799182999999985,-27.715388431192597
101,2,seed101-rep2,short_prompt,baseline,short,ttft_ms,median,40.469187000000005,66.03899150000001,-25.569804500000004,-38.719253458012
101,2,seed101-rep2,short_prompt,baseline,short,queue_wait_ms,mean,7.8775235,27.032323050000002,-19.154799550000003,-70.85887333682186
101,2,seed101-rep2,short_prompt,baseline,short,queue_wait_ms,median,0.029984499999999997,26.6732185,-26.643234,-99.88758574447998
101,2,seed101-rep2,short_prompt,baseline,short,e2e_latency_ms,mean,8691.892646,8866.0476058,-174.15495980000014,-1.9642908265693415
101,2,seed101-rep2,short_prompt,baseline,short,e2e_latency_ms,median,8615.6878465,8518.602393000001,97.08545349999986,1.1396875804389928
101,2,seed101-rep2,short_prompt,baseline,medium,ttft_ms,mean,75.6785309,94.10083445000001,-18.42230355000001,-19.577194673856592
101,2,seed101-rep2,short_prompt,baseline,medium,ttft_ms,median,64.98105050000001,59.730213500000005,5.250837000000004,8.790922871889622
101,2,seed101-rep2,short_prompt,baseline,medium,queue_wait_ms,mean,38.242556300000004,57.80758110000001,-19.565024800000003,-33.845084723671306
101,2,seed101-rep2,short_prompt,baseline,medium,queue_wait_ms,median,25.6557975,27.5109245,-1.855127000000003,-6.743237581855903
101,2,seed101-rep2,short_prompt,baseline,medium,e2e_latency_ms,mean,10521.466457350001,10490.68249815,30.783959200001846,0.29344095777782336
101,2,seed101-rep2,short_prompt,baseline,medium,e2e_latency_ms,median,10066.4918245,9961.968002,104.52382250000119,1.0492286511963964
101,2,seed101-rep2,short_prompt,baseline,long,ttft_ms,mean,117.10243875,79.09853115,38.003907600000005,48.04628739303714
101,2,seed101-rep2,short_prompt,baseline,long,ttft_ms,median,92.29546500000001,68.75191849999999,23.54354650000002,34.244202945405846
101,2,seed101-rep2,short_prompt,baseline,long,ttft_ms,p90,102.163834,91.330822,10.833011999999997,11.861288185931357
101,2,seed101-rep2,short_prompt,baseline,long,ttft_ms,p95,105.915402,95.295938,10.619463999999994,11.14366910371352
101,2,seed101-rep2,short_prompt,baseline,long,ttft_ms,max,727.900562,352.882489,375.018073,106.27279184714659
101,2,seed101-rep2,short_prompt,baseline,long,queue_wait_ms,mean,79.91745,41.3059863,38.6114637,93.47667773762856
101,2,seed101-rep2,short_prompt,baseline,long,queue_wait_ms,median,52.5645875,26.8134285,25.751159,96.03829290237913
101,2,seed101-rep2,short_prompt,baseline,long,queue_wait_ms,p90,57.334533,55.973568,1.3609650000000002,2.4314422836150094
101,2,seed101-rep2,short_prompt,baseline,long,queue_wait_ms,p95,62.815434,61.242133,1.5733010000000007,2.568984656363946
101,2,seed101-rep2,short_prompt,baseline,long,queue_wait_ms,max,685.50937,306.852746,378.65662399999997,123.40010931497413
101,2,seed101-rep2,short_prompt,baseline,long,e2e_latency_ms,mean,7777.658819900001,7445.293039900001,332.3657800000001,4.464106089831813
101,2,seed101-rep2,short_prompt,baseline,long,e2e_latency_ms,median,7299.58208,6895.725779,403.8563009999998,5.856617765020319
101,2,seed101-rep2,short_prompt,baseline,long,e2e_latency_ms,p90,13419.591691,12672.868552,746.7231389999997,5.892297674642525
101,2,seed101-rep2,short_prompt,baseline,long,e2e_latency_ms,p95,14844.343448,14477.370612,366.972835999999,2.534803078784366
101,2,seed101-rep2,short_prompt,baseline,long,e2e_latency_ms,max,16251.922155,15972.690576,279.23157899999933,1.7481812326569628
101,2,seed101-rep2,aged_short_prompt,baseline,overall,ttft_ms,mean,78.80739135,79.14022216666667,-0.3328308166666716,-0.4205583552264245
101,2,seed101-rep2,aged_short_prompt,baseline,overall,ttft_ms,median,62.721632,65.023915,-2.3022830000000027,-3.540671151529407
101,2,seed101-rep2,aged_short_prompt,baseline,overall,queue_wait_ms,mean,42.64656398333333,42.04863015,0.5979338333333288,1.4220054998232299
101,2,seed101-rep2,aged_short_prompt,baseline,overall,queue_wait_ms,median,26.142933499999998,27.113976,-0.9710425000000029,-3.5813356919693478
101,2,seed101-rep2,aged_short_prompt,baseline,overall,e2e_latency_ms,mean,9011.736753316665,8934.007714616666,77.72903869999936,0.8700355001130028
101,2,seed101-rep2,aged_short_prompt,baseline,overall,e2e_latency_ms,median,9145.3339735,9035.974962,109.35901150000063,1.210262444948114
101,2,seed101-rep2,aged_short_prompt,baseline,short,ttft_ms,mean,44.64647415,64.22130089999999,-19.574826749999986,-30.48027130512392
101,2,seed101-rep2,aged_short_prompt,baseline,short,ttft_ms,median,41.809252,66.03899150000001,-24.229739500000008,-36.690050755847786
101,2,seed101-rep2,aged_short_prompt,baseline,short,queue_wait_ms,mean,7.87599805,27.032323050000002,-19.156325000000002,-70.86451639604832
101,2,seed101-rep2,aged_short_prompt,baseline,short,queue_wait_ms,median,0.03013,26.6732185,-26.6430885,-99.88704025350371
101,2,seed101-rep2,aged_short_prompt,baseline,short,e2e_latency_ms,mean,8705.40313795,8866.0476058,-160.6444678500011,-1.8119062178834966
101,2,seed101-rep2,aged_short_prompt,baseline,short,e2e_latency_ms,median,8612.7094755,8518.602393000001,94.1070824999988,1.104724439038609
101,2,seed101-rep2,aged_short_prompt,baseline,medium,ttft_ms,mean,75.4207773,94.10083445000001,-18.68005715000001,-19.851106803867467
101,2,seed101-rep2,aged_short_prompt,baseline,medium,ttft_ms,median,60.865082,59.730213500000005,1.134868499999996,1.899990697337782
101,2,seed101-rep2,aged_short_prompt,baseline,medium,queue_wait_ms,mean,39.0788888,57.80758110000001,-18.728692300000006,-32.398332439479994
101,2,seed101-rep2,aged_short_prompt,baseline,medium,queue_wait_ms,median,25.972332,27.5109245,-1.5385925,-5.592660108532521
101,2,seed101-rep2,aged_short_prompt,baseline,medium,e2e_latency_ms,mean,10549.282250350001,10490.68249815,58.5997522000016,0.5585885590411824
101,2,seed101-rep2,aged_short_prompt,baseline,medium,e2e_latency_ms,median,10063.803153500001,9961.968002,101.8351515000013,1.022239295283387
101,2,seed101-rep2,aged_short_prompt,baseline,long,ttft_ms,mean,116.35492260000001,79.09853115,37.25639145000001,47.101243105700846
101,2,seed101-rep2,aged_short_prompt,baseline,long,ttft_ms,median,88.6973995,68.75191849999999,19.945481000000015,29.010799167735254
101,2,seed101-rep2,aged_short_prompt,baseline,long,ttft_ms,p90,99.871598,91.330822,8.540776000000008,9.351471729883267
101,2,seed101-rep2,aged_short_prompt,baseline,long,ttft_ms,p95,101.983561,95.295938,6.687622999999988,7.017741931455658
101,2,seed101-rep2,aged_short_prompt,baseline,long,ttft_ms,max,719.011147,352.882489,366.12865800000003,103.75370538717776
101,2,seed101-rep2,aged_short_prompt,baseline,long,queue_wait_ms,mean,80.9848051,41.3059863,39.6788188,96.06069810757673
101,2,seed101-rep2,aged_short_prompt,baseline,long,queue_wait_ms,median,52.80109,26.8134285,25.9876615,96.92032296429382
101,2,seed101-rep2,aged_short_prompt,baseline,long,queue_wait_ms,p90,60.00452,55.973568,4.030951999999999,7.20152769249943
101,2,seed101-rep2,aged_short_prompt,baseline,long,queue_wait_ms,p95,63.632024,61.242133,2.3898909999999987,3.9023640799708894
101,2,seed101-rep2,aged_short_prompt,baseline,long,queue_wait_ms,max,686.421818,306.852746,379.569072,123.69746627589247
101,2,seed101-rep2,aged_short_prompt,baseline,long,e2e_latency_ms,mean,7780.524871650001,7445.293039900001,335.2318317500003,4.502600904403124
101,2,seed101-rep2,aged_short_prompt,baseline,long,e2e_latency_ms,median,7248.389115,6895.725779,352.6633359999996,5.114230862746719
101,2,seed101-rep2,aged_short_prompt,baseline,long,e2e_latency_ms,p90,13465.85969,12672.868552,792.9911379999994,6.2573925922624
101,2,seed101-rep2,aged_short_prompt,baseline,long,e2e_latency_ms,p95,14909.569016,14477.370612,432.19840399999885,2.985337707952011
101,2,seed101-rep2,aged_short_prompt,baseline,long,e2e_latency_ms,max,16372.225516,15972.690576,399.53493999999955,2.501362798577759
101,2,seed101-rep2,aged_short_prompt,short_prompt,overall,ttft_ms,mean,78.80739135,79.73436251666666,-0.9269711666666609,-1.1625742495563296
101,2,seed101-rep2,aged_short_prompt,short_prompt,overall,ttft_ms,median,62.721632,65.146654,-2.4250219999999985,-3.722404530553478
101,2,seed101-rep2,aged_short_prompt,short_prompt,overall,queue_wait_ms,mean,42.64656398333333,42.012509933333334,0.634054049999996,1.5092029755092742
101,2,seed101-rep2,aged_short_prompt,short_prompt,overall,queue_wait_ms,median,26.142933499999998,25.853278500000002,0.2896549999999962,1.1203801483049671
101,2,seed101-rep2,aged_short_prompt,short_prompt,overall,e2e_latency_ms,mean,9011.736753316665,8997.005974416668,14.730778899996949,0.16372978901964147
101,2,seed101-rep2,aged_short_prompt,short_prompt,overall,e2e_latency_ms,median,9145.3339735,9131.3372145,13.996759000001475,0.15328268654645114
101,2,seed101-rep2,aged_short_prompt,short_prompt,short,ttft_ms,mean,44.64647415,46.4221179,-1.7756437500000004,-3.8249951323310913
101,2,seed101-rep2,aged_short_prompt,short_prompt,short,ttft_ms,median,41.809252,40.469187000000005,1.3400649999999956,3.311321771796393
101,2,seed101-rep2,aged_short_prompt,short_prompt,short,queue_wait_ms,mean,7.87599805,7.8775235,-0.0015254499999999283,-0.01936458837602869
101,2,seed101-rep2,aged_short_prompt,short_prompt,short,queue_wait_ms,median,0.03013,0.029984499999999997,0.00014550000000000327,0.4852507128683262
101,2,seed101-rep2,aged_short_prompt,short_prompt,short,e2e_latency_ms,mean,8705.40313795,8691.892646,13.51049194999905,0.15543786031706874
101,2,seed101-rep2,aged_short_prompt,short_prompt,short,e2e_latency_ms,median,8612.7094755,8615.6878465,-2.9783710000010615,-0.03456916096619009
101,2,seed101-rep2,aged_short_prompt,short_prompt,medium,ttft_ms,mean,75.4207773,75.6785309,-0.2577536000000009,-0.34059012104845304
101,2,seed101-rep2,aged_short_prompt,short_prompt,medium,ttft_ms,median,60.865082,64.98105050000001,-4.115968500000008,-6.33410581751061
101,2,seed101-rep2,aged_short_prompt,short_prompt,medium,queue_wait_ms,mean,39.0788888,38.242556300000004,0.8363324999999975,2.186915784183594
101,2,seed101-rep2,aged_short_prompt,short_prompt,medium,queue_wait_ms,median,25.972332,25.6557975,0.31653450000000305,1.2337737698467688
101,2,seed101-rep2,aged_short_prompt,short_prompt,medium,e2e_latency_ms,mean,10549.282250350001,10521.466457350001,27.815792999999758,0.26437182604491816
101,2,seed101-rep2,aged_short_prompt,short_prompt,medium,e2e_latency_ms,median,10063.803153500001,10066.4918245,-2.6886709999998857,-0.02670911621321891
101,2,seed101-rep2,aged_short_prompt,short_prompt,long,ttft_ms,mean,116.35492260000001,117.10243875,-0.7475161499999956,-0.6383437936726963
101,2,seed101-rep2,aged_short_prompt,short_prompt,long,ttft_ms,median,88.6973995,92.29546500000001,-3.598065500000004,-3.8984206862168187
101,2,seed101-rep2,aged_short_prompt,short_prompt,long,ttft_ms,p90,99.871598,102.163834,-2.2922359999999884,-2.243686351864975
101,2,seed101-rep2,aged_short_prompt,short_prompt,long,ttft_ms,p95,101.983561,105.915402,-3.9318410000000057,-3.712246685331002
101,2,seed101-rep2,aged_short_prompt,short_prompt,long,ttft_ms,max,719.011147,727.900562,-8.889414999999985,-1.2212402990286446
101,2,seed101-rep2,aged_short_prompt,short_prompt,long,queue_wait_ms,mean,80.9848051,79.91745,1.0673551000000003,1.3355720183764626
101,2,seed101-rep2,aged_short_prompt,short_prompt,long,queue_wait_ms,median,52.80109,52.5645875,0.23650250000000028,0.4499274345109248
101,2,seed101-rep2,aged_short_prompt,short_prompt,long,queue_wait_ms,p90,60.00452,57.334533,2.669986999999999,4.6568566277499785
101,2,seed101-rep2,aged_short_prompt,short_prompt,long,queue_wait_ms,p95,63.632024,62.815434,0.8165899999999979,1.2999830583037886
101,2,seed101-rep2,aged_short_prompt,short_prompt,long,queue_wait_ms,max,686.421818,685.50937,0.9124480000000403,0.133105109854303
101,2,seed101-rep2,aged_short_prompt,short_prompt,long,e2e_latency_ms,mean,7780.524871650001,7777.658819900001,2.8660517500002243,0.036849800388095114
101,2,seed101-rep2,aged_short_prompt,short_prompt,long,e2e_latency_ms,median,7248.389115,7299.58208,-51.192965000000186,-0.7013136428763903
101,2,seed101-rep2,aged_short_prompt,short_prompt,long,e2e_latency_ms,p90,13465.85969,13419.591691,46.26799899999969,0.3447794840958525
101,2,seed101-rep2,aged_short_prompt,short_prompt,long,e2e_latency_ms,p95,14909.569016,14844.343448,65.22556799999984,0.439396785910311
101,2,seed101-rep2,aged_short_prompt,short_prompt,long,e2e_latency_ms,max,16372.225516,16251.922155,120.30336100000022,0.7402408149179338
101,3,seed101-rep3,short_prompt,baseline,overall,ttft_ms,mean,76.32371955,84.56669436666667,-8.24297481666666,-9.747306405198406
101,3,seed101-rep3,short_prompt,baseline,overall,ttft_ms,median,59.8368125,66.4467995,-6.609986999999997,-9.947788380687916
101,3,seed101-rep3,short_prompt,baseline,overall,queue_wait_ms,mean,40.579463016666665,46.05266468333333,-5.473201666666668,-11.88465793304561
101,3,seed101-rep3,short_prompt,baseline,overall,queue_wait_ms,median,25.9185535,27.6337275,-1.7151739999999975,-6.206813756848393
101,3,seed101-rep3,short_prompt,baseline,overall,e2e_latency_ms,mean,8895.423534266667,9026.190687133332,-130.76715286666513,-1.448752385134864
101,3,seed101-rep3,short_prompt,baseline,overall,e2e_latency_ms,median,8968.247581,9177.664171,-209.41659000000072,-2.281807070929058
101,3,seed101-rep3,short_prompt,baseline,short,ttft_ms,mean,41.70950045,68.01710030000001,-26.30759985000001,-38.677920308225794
101,3,seed101-rep3,short_prompt,baseline,short,ttft_ms,median,39.377579499999996,65.54473949999999,-26.167159999999996,-39.92259363545109
101,3,seed101-rep3,short_prompt,baseline,short,queue_wait_ms,mean,7.7955168,30.366082999999996,-22.570566199999995,-74.32821085287819
101,3,seed101-rep3,short_prompt,baseline,short,queue_wait_ms,median,0.028569,27.922587,-27.894018,-99.897684981696
101,3,seed101-rep3,short_prompt,baseline,short,e2e_latency_ms,mean,8595.200589299999,8963.281168149999,-368.08057885000017,-4.1065383529184905
101,3,seed101-rep3,short_prompt,baseline,short,e2e_latency_ms,median,8459.7539955,8642.866917,-183.11292150000008,-2.1186595056766175
101,3,seed101-rep3,short_prompt,baseline,medium,ttft_ms,mean,74.4525483,101.7428847,-27.2903364,-26.82284513601962
101,3,seed101-rep3,short_prompt,baseline,medium,ttft_ms,median,59.8368125,66.83733050000001,-7.000518000000007,-10.473964097055022
101,3,seed101-rep3,short_prompt,baseline,medium,queue_wait_ms,mean,37.0425135,62.233399799999994,-25.190886299999995,-40.478081514036134
101,3,seed101-rep3,short_prompt,baseline,medium,queue_wait_ms,median,25.731526000000002,27.855733,-2.1242069999999984,-7.625744402417981
101,3,seed101-rep3,short_prompt,baseline,medium,e2e_latency_ms,mean,10411.2126556,10582.26088365,-171.04822805000003,-1.6163675223153506
101,3,seed101-rep3,short_prompt,baseline,medium,e2e_latency_ms,median,9886.001792,10083.94389,-197.94209800000135,-1.962943270601651
101,3,seed101-rep3,short_prompt,baseline,long,ttft_ms,mean,112.8091099,83.9400981,28.869011799999996,34.39239702294319
101,3,seed101-rep3,short_prompt,baseline,long,ttft_ms,median,86.615684,68.819797,17.795887000000008,25.858674067289108
101,3,seed101-rep3,short_prompt,baseline,long,ttft_ms,p90,101.804376,93.809416,7.994960000000006,8.522555987343537
101,3,seed101-rep3,short_prompt,baseline,long,ttft_ms,p95,102.017318,95.298287,6.719031000000001,7.050526522055954
101,3,seed101-rep3,short_prompt,baseline,long,ttft_ms,max,684.444359,433.528086,250.916273,57.87774335801626
101,3,seed101-rep3,short_prompt,baseline,long,queue_wait_ms,mean,76.90035875,45.558511249999995,31.3418475,68.79471396247612
101,3,seed101-rep3,short_prompt,baseline,long,queue_wait_ms,median,51.7314775,27.343986,24.387491499999996,89.1877705759504
101,3,seed101-rep3,short_prompt,baseline,long,queue_wait_ms,p90,56.43581,56.904082,-0.468272000000006,-0.8229146021545625
101,3,seed101-rep3,short_prompt,baseline,long,queue_wait_ms,p95,61.731996,61.724024,0.00797200000000231,0.012915554565921222
101,3,seed101-rep3,short_prompt,baseline,long,queue_wait_ms,max,638.634655,389.570339,249.06431599999996,63.93307987444084
101,3,seed101-rep3,short_prompt,baseline,long,e2e_latency_ms,mean,7679.8573579,7533.030009600001,146.82734829999936,1.9491140764457913
101,3,seed101-rep3,short_prompt,baseline,long,e2e_latency_ms,median,7165.472315000001,6981.921653,183.55066200000056,2.6289418747793065
101,3,seed101-rep3,short_prompt,baseline,long,e2e_latency_ms,p90,13307.58379,12778.618311,528.9654790000004,4.139457538571757
101,3,seed101-rep3,short_prompt,baseline,long,e2e_latency_ms,p95,14740.563419,14545.096586,195.4668330000004,1.3438675490690235
101,3,seed101-rep3,short_prompt,baseline,long,e2e_latency_ms,max,16186.698382,16005.993732,180.70464999999967,1.1289811368520388
101,3,seed101-rep3,aged_short_prompt,baseline,overall,ttft_ms,mean,78.75277935000001,84.56669436666667,-5.813915016666655,-6.874946526180294
101,3,seed101-rep3,aged_short_prompt,baseline,overall,ttft_ms,median,64.86384699999999,66.4467995,-1.5829525000000046,-2.382285545596526
101,3,seed101-rep3,aged_short_prompt,baseline,overall,queue_wait_ms,mean,40.46069773333333,46.05266468333333,-5.59196695,-12.142548077188154
101,3,seed101-rep3,aged_short_prompt,baseline,overall,queue_wait_ms,median,25.9343785,27.6337275,-1.699348999999998,-6.149546781193373
101,3,seed101-rep3,aged_short_prompt,baseline,overall,e2e_latency_ms,mean,9035.564718683334,9026.190687133332,9.374031550001746,0.10385368396176534
101,3,seed101-rep3,aged_short_prompt,baseline,overall,e2e_latency_ms,median,9091.661777000001,9177.664171,-86.00239399999919,-0.9370836892436472
101,3,seed101-rep3,aged_short_prompt,baseline,short,ttft_ms,mean,46.81060705,68.01710030000001,-21.20649325000001,-31.178178952741984
101,3,seed101-rep3,aged_short_prompt,baseline,short,ttft_ms,median,44.0441325,65.54473949999999,-21.500606999999988,-32.8029482823713
101,3,seed101-rep3,aged_short_prompt,baseline,short,queue_wait_ms,mean,7.8263659500000005,30.366082999999996,-22.539717049999997,-74.22662004184075
101,3,seed101-rep3,aged_short_prompt,baseline,short,queue_wait_ms,median,0.0338395,27.922587,-27.8887475,-99.878809581648
101,3,seed101-rep3,aged_short_prompt,baseline,short,e2e_latency_ms,mean,8718.8881228,8963.281168149999,-244.39304534999974,-2.7266024658293957
101,3,seed101-rep3,aged_short_prompt,baseline,short,e2e_latency_ms,median,8567.6790855,8642.866917,-75.18783149999945,-0.8699408682564521
101,3,seed101-rep3,aged_short_prompt,baseline,medium,ttft_ms,mean,75.43753385,101.7428847,-26.30535085000001,-25.8547326700675
101,3,seed101-rep3,aged_short_prompt,baseline,medium,ttft_ms,median,64.86384699999999,66.83733050000001,-1.9734835000000146,-2.952666549122596
101,3,seed101-rep3,aged_short_prompt,baseline,medium,queue_wait_ms,mean,36.401345150000004,62.233399799999994,-25.83205464999999,-41.508345571697326
101,3,seed101-rep3,aged_short_prompt,baseline,medium,queue_wait_ms,median,25.8455955,27.855733,-2.010137499999999,-7.21624342105806
101,3,seed101-rep3,aged_short_prompt,baseline,medium,e2e_latency_ms,mean,10592.26219375,10582.26088365,10.00131010000041,0.09451014494882486
101,3,seed101-rep3,aged_short_prompt,baseline,medium,e2e_latency_ms,median,9999.11207,10083.94389,-84.83182000000124,-0.8412563668082969
101,3,seed101-rep3,aged_short_prompt,baseline,long,ttft_ms,mean,114.01019715,83.9400981,30.070099049999996,35.82328318722801
101,3,seed101-rep3,aged_short_prompt,baseline,long,ttft_ms,median,89.9967255,68.819797,21.176928500000002,30.771564903046727
101,3,seed101-rep3,aged_short_prompt,baseline,long,ttft_ms,p90,98.705048,93.809416,4.895632000000006,5.218700007683671
101,3,seed101-rep3,aged_short_prompt,baseline,long,ttft_ms,p95,108.598019,95.298287,13.299731999999992,13.955898283879952
101,3,seed101-rep3,aged_short_prompt,baseline,long,ttft_ms,max,674.442763,433.528086,240.91467700000004,55.57071958655063
101,3,seed101-rep3,aged_short_prompt,baseline,long,queue_wait_ms,mean,77.15438209999999,45.558511249999995,31.595870849999997,69.35229001803697
101,3,seed101-rep3,aged_short_prompt,baseline,long,queue_wait_ms,median,52.361562500000005,27.343986,25.017576500000004,91.49206154508711
101,3,seed101-rep3,aged_short_prompt,baseline,long,queue_wait_ms,p90,60.149707,56.904082,3.245624999999997,5.703676934811103
101,3,seed101-rep3,aged_short_prompt,baseline,long,queue_wait_ms,p95,60.672869,61.724024,-1.0511550000000014,-1.7029916908852238
101,3,seed101-rep3,aged_short_prompt,baseline,long,queue_wait_ms,max,636.473739,389.570339,246.90340000000003,63.37838774732797
101,3,seed101-rep3,aged_short_prompt,baseline,long,e2e_latency_ms,mean,7795.5438395,7533.030009600001,262.5138298999991,3.4848371713036417
101,3,seed101-rep3,aged_short_prompt,baseline,long,e2e_latency_ms,median,7250.2482005,6981.921653,268.32654749999983,3.843161823288363
101,3,seed101-rep3,aged_short_prompt,baseline,long,e2e_latency_ms,p90,13633.035643,12778.618311,854.4173319999991,6.686304506524821
101,3,seed101-rep3,aged_short_prompt,baseline,long,e2e_latency_ms,p95,15078.456928,14545.096586,533.360342,3.6669425936529834
101,3,seed101-rep3,aged_short_prompt,baseline,long,e2e_latency_ms,max,16585.712424,16005.993732,579.7186920000004,3.621885036984596
101,3,seed101-rep3,aged_short_prompt,short_prompt,overall,ttft_ms,mean,78.75277935000001,76.32371955,2.4290598000000045,3.182575239154476
101,3,seed101-rep3,aged_short_prompt,short_prompt,overall,ttft_ms,median,64.86384699999999,59.8368125,5.027034499999992,8.401240457118252
101,3,seed101-rep3,aged_short_prompt,short_prompt,overall,queue_wait_ms,mean,40.46069773333333,40.579463016666665,-0.1187652833333317,-0.29267337343658983
101,3,seed101-rep3,aged_short_prompt,short_prompt,overall,queue_wait_ms,median,25.9343785,25.9185535,0.015824999999999534,0.06105664808801746
101,3,seed101-rep3,aged_short_prompt,short_prompt,overall,e2e_latency_ms,mean,9035.564718683334,8895.423534266667,140.14118441666687,1.5754301509851607
101,3,seed101-rep3,aged_short_prompt,short_prompt,overall,e2e_latency_ms,median,9091.661777000001,8968.247581,123.41419600000154,1.3761238735365098
101,3,seed101-rep3,aged_short_prompt,short_prompt,short,ttft_ms,mean,46.81060705,41.70950045,5.101106600000001,12.230083182403595
101,3,seed101-rep3,aged_short_prompt,short_prompt,short,ttft_ms,median,44.0441325,39.377579499999996,4.6665530000000075,11.850786816391313
101,3,seed101-rep3,aged_short_prompt,short_prompt,short,queue_wait_ms,mean,7.8263659500000005,7.7955168,0.03084915000000077,0.3957293761460532
101,3,seed101-rep3,aged_short_prompt,short_prompt,short,queue_wait_ms,median,0.0338395,0.028569,0.005270500000000001,18.448318107039103
101,3,seed101-rep3,aged_short_prompt,short_prompt,short,e2e_latency_ms,mean,8718.8881228,8595.200589299999,123.68753350000043,1.4390302147686544
101,3,seed101-rep3,aged_short_prompt,short_prompt,short,e2e_latency_ms,median,8567.6790855,8459.7539955,107.92509000000064,1.2757473805669677
101,3,seed101-rep3,aged_short_prompt,short_prompt,medium,ttft_ms,mean,75.43753385,74.4525483,0.9849855499999904,1.32297090225989
101,3,seed101-rep3,aged_short_prompt,short_prompt,medium,ttft_ms,median,64.86384699999999,59.8368125,5.027034499999992,8.401240457118252
101,3,seed101-rep3,aged_short_prompt,short_prompt,medium,queue_wait_ms,mean,36.401345150000004,37.0425135,-0.6411683499999938,-1.7308986065429763
101,3,seed101-rep3,aged_short_prompt,short_prompt,medium,queue_wait_ms,median,25.8455955,25.731526000000002,0.11406949999999938,0.4433063938765208
101,3,seed101-rep3,aged_short_prompt,short_prompt,medium,e2e_latency_ms,mean,10592.26219375,10411.2126556,181.04953815000044,1.7389860733717433
101,3,seed101-rep3,aged_short_prompt,short_prompt,medium,e2e_latency_ms,median,9999.11207,9886.001792,113.11027800000011,1.1441458375167581
101,3,seed101-rep3,aged_short_prompt,short_prompt,long,ttft_ms,mean,114.01019715,112.8091099,1.2010872500000005,1.064707673932281
101,3,seed101-rep3,aged_short_prompt,short_prompt,long,ttft_ms,median,89.9967255,86.615684,3.381041499999995,3.903498008513094
101,3,seed101-rep3,aged_short_prompt,short_prompt,long,ttft_ms,p90,98.705048,101.804376,-3.099328,-3.0443956554480525
101,3,seed101-rep3,aged_short_prompt,short_prompt,long,ttft_ms,p95,108.598019,102.017318,6.580700999999991,6.450572441043774
101,3,seed101-rep3,aged_short_prompt,short_prompt,long,ttft_ms,max,674.442763,684.444359,-10.00159599999995,-1.4612723252789568
101,3,seed101-rep3,aged_short_prompt,short_prompt,long,queue_wait_ms,mean,77.15438209999999,76.90035875,0.2540233499999971,0.330327912807035
101,3,seed101-rep3,aged_short_prompt,short_prompt,long,queue_wait_ms,median,52.361562500000005,51.7314775,0.6300850000000082,1.217991502369149
101,3,seed101-rep3,aged_short_prompt,short_prompt,long,queue_wait_ms,p90,60.149707,56.43581,3.713897000000003,6.580745452222628
101,3,seed101-rep3,aged_short_prompt,short_prompt,long,queue_wait_ms,p95,60.672869,61.731996,-1.0591270000000037,-1.7156856551341766
101,3,seed101-rep3,aged_short_prompt,short_prompt,long,queue_wait_ms,max,636.473739,638.634655,-2.1609159999999292,-0.3383649764511964
101,3,seed101-rep3,aged_short_prompt,short_prompt,long,e2e_latency_ms,mean,7795.5438395,7679.8573579,115.68648159999975,1.5063623737880643
101,3,seed101-rep3,aged_short_prompt,short_prompt,long,e2e_latency_ms,median,7250.2482005,7165.472315000001,84.77588549999928,1.1831165033257025
101,3,seed101-rep3,aged_short_prompt,short_prompt,long,e2e_latency_ms,p90,13633.035643,13307.58379,325.45185299999866,2.4456119017229847
101,3,seed101-rep3,aged_short_prompt,short_prompt,long,e2e_latency_ms,p95,15078.456928,14740.563419,337.89350899999954,2.2922699722893105
101,3,seed101-rep3,aged_short_prompt,short_prompt,long,e2e_latency_ms,max,16585.712424,16186.698382,399.0140420000007,2.4650736832392823
101,4,seed101-rep4,short_prompt,baseline,overall,ttft_ms,mean,96.66344128333334,87.73040970000001,8.933031583333332,10.182366198767827
101,4,seed101-rep4,short_prompt,baseline,overall,ttft_ms,median,71.393057,68.8352555,2.5578014999999965,3.715830618221496
101,4,seed101-rep4,short_prompt,baseline,overall,queue_wait_ms,mean,55.8570095,49.61006521666666,6.246944283333335,12.592090447876801
101,4,seed101-rep4,short_prompt,baseline,overall,queue_wait_ms,median,27.832386,27.0384045,0.793981500000001,2.9364953838160126
101,4,seed101-rep4,short_prompt,baseline,overall,e2e_latency_ms,mean,9226.196899033333,9055.384997466666,170.81190156666707,1.8863019254780817
101,4,seed101-rep4,short_prompt,baseline,overall,e2e_latency_ms,median,9367.1563565,9133.8645465,233.2918099999988,2.5541413364772714
101,4,seed101-rep4,short_prompt,baseline,short,ttft_ms,mean,59.7166147,71.95026765,-12.23365295,-17.002929036359188
101,4,seed101-rep4,short_prompt,baseline,short,ttft_ms,median,46.919931,73.2370225,-26.317091499999997,-35.934136317461565
101,4,seed101-rep4,short_prompt,baseline,short,queue_wait_ms,mean,19.853192749999998,33.92089365,-14.067700899999998,-41.472082207362476
101,4,seed101-rep4,short_prompt,baseline,short,queue_wait_ms,median,0.0347325,28.721469,-28.6867365,-99.87907129680588
101,4,seed101-rep4,short_prompt,baseline,short,e2e_latency_ms,mean,8926.1772571,9001.0079009,-74.83064379999996,-0.8313584947805427
101,4,seed101-rep4,short_prompt,baseline,short,e2e_latency_ms,median,8848.058206,8620.911597,227.14660899999944,2.6348328299648083
101,4,seed101-rep4,short_prompt,baseline,medium,ttft_ms,mean,99.02176435,102.19505895,-3.1732946000000055,-3.1051350550642307
101,4,seed101-rep4,short_prompt,baseline,medium,ttft_ms,median,70.9001925,64.1073445,6.792848000000006,10.596052687847656
101,4,seed101-rep4,short_prompt,baseline,medium,queue_wait_ms,mean,53.95160945,65.8160004,-11.864390949999994,-18.02660580693687
101,4,seed101-rep4,short_prompt,baseline,medium,queue_wait_ms,median,26.7210025,26.9791635,-0.25816099999999764,-0.9568903053647221
101,4,seed101-rep4,short_prompt,baseline,medium,e2e_latency_ms,mean,10764.38051195,10607.18222585,157.19828609999968,1.4819985435613905
101,4,seed101-rep4,short_prompt,baseline,medium,e2e_latency_ms,median,10306.975352000001,10120.301028000002,186.67432399999961,1.8445530768652505
101,4,seed101-rep4,short_prompt,baseline,long,ttft_ms,mean,131.2519448,89.0459025,42.20604229999999,47.39807348238173
101,4,seed101-rep4,short_prompt,baseline,long,ttft_ms,median,95.51087150000001,69.146983,26.3638885,38.127315692139454
101,4,seed101-rep4,short_prompt,baseline,long,ttft_ms,p90,106.170458,97.635381,8.535077000000001,8.741786955284173
101,4,seed101-rep4,short_prompt,baseline,long,ttft_ms,p95,108.021317,107.234295,0.7870219999999932,0.7339275182440405
101,4,seed101-rep4,short_prompt,baseline,long,ttft_ms,max,938.225669,496.69749,441.528179,88.89277435245344
101,4,seed101-rep4,short_prompt,baseline,long,queue_wait_ms,mean,93.7662263,49.093301600000004,44.672924699999996,90.99596736023962
101,4,seed101-rep4,short_prompt,baseline,long,queue_wait_ms,median,54.3180675,27.282378,27.035689499999997,99.09579546181787
101,4,seed101-rep4,short_prompt,baseline,long,queue_wait_ms,p90,69.695824,56.457626,13.238198000000004,23.44802454144991
101,4,seed101-rep4,short_prompt,baseline,long,queue_wait_ms,p95,72.328117,63.02986,9.298257000000007,14.752146046334241
101,4,seed101-rep4,short_prompt,baseline,long,queue_wait_ms,max,899.874118,460.564679,439.30943899999994,95.38496090361282
101,4,seed101-rep4,short_prompt,baseline,long,e2e_latency_ms,mean,7988.032928049999,7557.964865649999,430.0680623999997,5.69026278958513
101,4,seed101-rep4,short_prompt,baseline,long,e2e_latency_ms,median,7535.8177675,7006.8013009999995,529.0164665000002,7.550042362761163
101,4,seed101-rep4,short_prompt,baseline,long,e2e_latency_ms,p90,13639.817903,12852.692985,787.1249179999995,6.124202289112717
101,4,seed101-rep4,short_prompt,baseline,long,e2e_latency_ms,p95,15087.896786,14605.277936,482.61884999999893,3.304414007832127
101,4,seed101-rep4,short_prompt,baseline,long,e2e_latency_ms,max,16560.167164,16034.924113,525.2430509999995,3.2756191878336924
101,4,seed101-rep4,aged_short_prompt,baseline,overall,ttft_ms,mean,78.41073955,87.73040970000001,-9.319670150000007,-10.623078339505357
101,4,seed101-rep4,aged_short_prompt,baseline,overall,ttft_ms,median,63.4364005,68.8352555,-5.398855000000005,-7.843153861759116
101,4,seed101-rep4,aged_short_prompt,baseline,overall,queue_wait_ms,mean,42.02930846666666,49.61006521666666,-7.580756749999999,-15.280682895480693
101,4,seed101-rep4,aged_short_prompt,baseline,overall,queue_wait_ms,median,26.1985475,27.0384045,-0.8398569999999985,-3.106163309303249
101,4,seed101-rep4,aged_short_prompt,baseline,overall,e2e_latency_ms,mean,9045.8461378,9055.384997466666,-9.538859666667122,-0.10533908463677373
101,4,seed101-rep4,aged_short_prompt,baseline,overall,e2e_latency_ms,median,9178.8575955,9133.8645465,44.99304899999879,0.4925959737079706
101,4,seed101-rep4,aged_short_prompt,baseline,short,ttft_ms,mean,44.55180625,71.95026765,-27.398461400000002,-38.07972130594291
101,4,seed101-rep4,aged_short_prompt,baseline,short,ttft_ms,median,40.9939995,73.2370225,-32.243022999999994,-44.025578729665035
101,4,seed101-rep4,aged_short_prompt,baseline,short,queue_wait_ms,mean,7.805232650000001,33.92089365,-26.115660999999996,-76.9898967564494
101,4,seed101-rep4,aged_short_prompt,baseline,short,queue_wait_ms,median,0.033096,28.721469,-28.688373,-99.88476912514467
101,4,seed101-rep4,aged_short_prompt,baseline,short,e2e_latency_ms,mean,8735.1170822,9001.0079009,-265.8908186999997,-2.9540116132262657
101,4,seed101-rep4,aged_short_prompt,baseline,short,e2e_latency_ms,median,8638.0493915,8620.911597,17.137794500000382,0.19879329821644592
101,4,seed101-rep4,aged_short_prompt,baseline,medium,ttft_ms,mean,73.7980084,102.19505895,-28.397050550000003,-27.78710716718071
101,4,seed101-rep4,aged_short_prompt,baseline,medium,ttft_ms,median,61.201639,64.1073445,-2.9057054999999963,-4.532562567772553
101,4,seed101-rep4,aged_short_prompt,baseline,medium,queue_wait_ms,mean,38.93583405,65.8160004,-26.880166349999996,-40.841385357108386
101,4,seed101-rep4,aged_short_prompt,baseline,medium,queue_wait_ms,median,26.0765405,26.9791635,-0.9026229999999984,-3.3456300452013585
101,4,seed101-rep4,aged_short_prompt,baseline,medium,e2e_latency_ms,mean,10591.121602700001,10607.18222585,-16.06062314999872,-0.15141272024966754
101,4,seed101-rep4,aged_short_prompt,baseline,medium,e2e_latency_ms,median,10141.888184,10120.301028000002,21.587155999997776,0.21330547322922747
101,4,seed101-rep4,aged_short_prompt,baseline,long,ttft_ms,mean,116.882404,89.0459025,27.836501499999997,31.26084493331964
101,4,seed101-rep4,aged_short_prompt,baseline,long,ttft_ms,median,90.6683175,69.146983,21.521334499999995,31.124039786377942
101,4,seed101-rep4,aged_short_prompt,baseline,long,ttft_ms,p90,99.330393,97.635381,1.6950120000000055,1.7360632822234858
101,4,seed101-rep4,aged_short_prompt,baseline,long,ttft_ms,p95,100.435826,107.234295,-6.798468999999997,-6.339827198006009
101,4,seed101-rep4,aged_short_prompt,baseline,long,ttft_ms,max,717.090634,496.69749,220.393144,44.37170479762239
101,4,seed101-rep4,aged_short_prompt,baseline,long,queue_wait_ms,mean,79.3468587,49.093301600000004,30.253557099999995,61.624612959418464
101,4,seed101-rep4,aged_short_prompt,baseline,long,queue_wait_ms,median,52.0530975,27.282378,24.7707195,90.79384319064856
101,4,seed101-rep4,aged_short_prompt,baseline,long,queue_wait_ms,p90,56.670035,56.457626,0.21240900000000096,0.376227296556892
101,4,seed101-rep4,aged_short_prompt,baseline,long,queue_wait_ms,p95,63.401661,63.02986,0.3718009999999978,0.5898807327193775
101,4,seed101-rep4,aged_short_prompt,baseline,long,queue_wait_ms,max,677.471218,460.564679,216.906539,47.0957823928135
101,4,seed101-rep4,aged_short_prompt,baseline,long,e2e_latency_ms,mean,7811.2997285,7557.964865649999,253.33486285000072,3.351892570993229
101,4,seed101-rep4,aged_short_prompt,baseline,long,e2e_latency_ms,median,7316.145954,7006.8013009999995,309.3446530000001,4.414919728861883
101,4,seed101-rep4,aged_short_prompt,baseline,long,e2e_latency_ms,p90,13498.028997,12852.692985,645.3360119999998,5.021017873477196
101,4,seed101-rep4,aged_short_prompt,baseline,long,e2e_latency_ms,p95,14944.099403,14605.277936,338.82146699999976,2.319856345662902
101,4,seed101-rep4,aged_short_prompt,baseline,long,e2e_latency_ms,max,16395.925769,16034.924113,361.0016560000022,2.251346208164011
101,4,seed101-rep4,aged_short_prompt,short_prompt,overall,ttft_ms,mean,78.41073955,96.66344128333334,-18.25270173333334,-18.882735283375908
101,4,seed101-rep4,aged_short_prompt,short_prompt,overall,ttft_ms,median,63.4364005,71.393057,-7.956656500000001,-11.144860346854179
101,4,seed101-rep4,aged_short_prompt,short_prompt,overall,queue_wait_ms,mean,42.02930846666666,55.8570095,-13.827701033333334,-24.75553409878367
101,4,seed101-rep4,aged_short_prompt,short_prompt,overall,queue_wait_ms,median,26.1985475,27.832386,-1.6338384999999995,-5.870278243482249
101,4,seed101-rep4,aged_short_prompt,short_prompt,overall,e2e_latency_ms,mean,9045.8461378,9226.196899033333,-180.3507612333342,-1.9547681802913863
101,4,seed101-rep4,aged_short_prompt,short_prompt,overall,e2e_latency_ms,median,9178.8575955,9367.1563565,-188.298761,-2.0102019634735453
101,4,seed101-rep4,aged_short_prompt,short_prompt,short,ttft_ms,mean,44.55180625,59.7166147,-15.164808450000002,-25.39462179191481
101,4,seed101-rep4,aged_short_prompt,short_prompt,short,ttft_ms,median,40.9939995,46.919931,-5.925931499999997,-12.62988110532387
101,4,seed101-rep4,aged_short_prompt,short_prompt,short,queue_wait_ms,mean,7.805232650000001,19.853192749999998,-12.047960099999997,-60.685252249918335
101,4,seed101-rep4,aged_short_prompt,short_prompt,short,queue_wait_ms,median,0.033096,0.0347325,-0.001636499999999999,-4.711725329302523
101,4,seed101-rep4,aged_short_prompt,short_prompt,short,e2e_latency_ms,mean,8735.1170822,8926.1772571,-191.06017489999977,-2.1404479140051578
101,4,seed101-rep4,aged_short_prompt,short_prompt,short,e2e_latency_ms,median,8638.0493915,8848.058206,-210.00881449999906,-2.373501728973584
101,4,seed101-rep4,aged_short_prompt,short_prompt,medium,ttft_ms,mean,73.7980084,99.02176435,-25.223755949999997,-25.47294134332398
101,4,seed101-rep4,aged_short_prompt,short_prompt,medium,ttft_ms,median,61.201639,70.9001925,-9.698553500000003,-13.679163847122139
101,4,seed101-rep4,aged_short_prompt,short_prompt,medium,queue_wait_ms,mean,38.93583405,53.95160945,-15.015775400000003,-27.83193226870455
101,4,seed101-rep4,aged_short_prompt,short_prompt,medium,queue_wait_ms,median,26.0765405,26.7210025,-0.6444620000000008,-2.4118181943211177
101,4,seed101-rep4,aged_short_prompt,short_prompt,medium,e2e_latency_ms,mean,10591.121602700001,10764.38051195,-173.2589092499984,-1.6095576429842504
101,4,seed101-rep4,aged_short_prompt,short_prompt,medium,e2e_latency_ms,median,10141.888184,10306.975352000001,-165.08716800000184,-1.6017033354791883
101,4,seed101-rep4,aged_short_prompt,short_prompt,long,ttft_ms,mean,116.882404,131.2519448,-14.369540799999996,-10.948059338774838
101,4,seed101-rep4,aged_short_prompt,short_prompt,long,ttft_ms,median,90.6683175,95.51087150000001,-4.842554000000007,-5.070159997440717
101,4,seed101-rep4,aged_short_prompt,short_prompt,long,ttft_ms,p90,99.330393,106.170458,-6.840064999999996,-6.442531311299415
101,4,seed101-rep4,aged_short_prompt,short_prompt,long,ttft_ms,p95,100.435826,108.021317,-7.58549099999999,-7.022216735239389
101,4,seed101-rep4,aged_short_prompt,short_prompt,long,ttft_ms,max,717.090634,938.225669,-221.13503500000002,-23.569493172756076
101,4,seed101-rep4,aged_short_prompt,short_prompt,long,queue_wait_ms,mean,79.3468587,93.7662263,-14.419367600000001,-15.377997141386505
101,4,seed101-rep4,aged_short_prompt,short_prompt,long,queue_wait_ms,median,52.0530975,54.3180675,-2.264969999999998,-4.169828022692446
101,4,seed101-rep4,aged_short_prompt,short_prompt,long,queue_wait_ms,p90,56.670035,69.695824,-13.025789000000003,-18.689482744332004
101,4,seed101-rep4,aged_short_prompt,short_prompt,long,queue_wait_ms,p95,63.401661,72.328117,-8.926456000000009,-12.34161259859704
101,4,seed101-rep4,aged_short_prompt,short_prompt,long,queue_wait_ms,max,677.471218,899.874118,-222.40289999999993,-24.714890177561475
101,4,seed101-rep4,aged_short_prompt,short_prompt,long,e2e_latency_ms,mean,7811.2997285,7988.032928049999,-176.73319954999897,-2.21247459971528
101,4,seed101-rep4,aged_short_prompt,short_prompt,long,e2e_latency_ms,median,7316.145954,7535.8177675,-219.6718135000001,-2.915036168302621
101,4,seed101-rep4,aged_short_prompt,short_prompt,long,e2e_latency_ms,p90,13498.028997,13639.817903,-141.78890599999977,-1.0395219863515488
101,4,seed101-rep4,aged_short_prompt,short_prompt,long,e2e_latency_ms,p95,14944.099403,15087.896786,-143.79738299999917,-0.9530644664366222
101,4,seed101-rep4,aged_short_prompt,short_prompt,long,e2e_latency_ms,max,16395.925769,16560.167164,-164.24139499999728,-0.99178585199937
202,0,seed202-rep0,short_prompt,baseline,overall,ttft_ms,mean,76.51125008333334,106.36384523333332,-29.852595149999985,-28.066487333653193
202,0,seed202-rep0,short_prompt,baseline,overall,ttft_ms,median,61.0261515,67.5903485,-6.564197000000007,-9.7117371720609
202,0,seed202-rep0,short_prompt,baseline,overall,queue_wait_ms,mean,40.6116042,67.38875686666667,-26.777152666666666,-39.73534148974898
202,0,seed202-rep0,short_prompt,baseline,overall,queue_wait_ms,median,25.7600515,27.771943,-2.011891500000001,-7.244331086233329
202,0,seed202-rep0,short_prompt,baseline,overall,e2e_latency_ms,mean,8796.102592433333,9886.546018866668,-1090.443426433334,-11.02956911698405
202,0,seed202-rep0,short_prompt,baseline,overall,e2e_latency_ms,median,8936.115113,9955.1163715,-1019.0012585000004,-10.235955266351759
202,0,seed202-rep0,short_prompt,baseline,short,ttft_ms,mean,46.96250285,56.029522699999994,-9.067019849999994,-16.182575565649064
202,0,seed202-rep0,short_prompt,baseline,short,ttft_ms,median,40.536961500000004,53.79338,-13.256418499999995,-24.64321539193112
202,0,seed202-rep0,short_prompt,baseline,short,queue_wait_ms,mean,14.6372478,21.9281148,-7.290866999999999,-33.24894577804745
202,0,seed202-rep0,short_prompt,baseline,short,queue_wait_ms,median,0.03741,25.9052935,-25.867883499999998,-99.85558936052973
202,0,seed202-rep0,short_prompt,baseline,short,e2e_latency_ms,mean,6421.3833317,7265.760853299999,-844.3775215999995,-11.621322785713431
202,0,seed202-rep0,short_prompt,baseline,short,e2e_latency_ms,median,5420.2597025,6064.662988,-644.4032855000005,-10.625541547404456
202,0,seed202-rep0,short_prompt,baseline,medium,ttft_ms,mean,59.056676100000004,112.49334875,-53.43667264999999,-47.50207300589404
202,0,seed202-rep0,short_prompt,baseline,medium,ttft_ms,median,60.648764,66.521756,-5.872991999999996,-8.828678545407005
202,0,seed202-rep0,short_prompt,baseline,medium,queue_wait_ms,mean,21.47081705,74.51391650000001,-53.04309945000001,-71.18549385335288
202,0,seed202-rep0,short_prompt,baseline,medium,queue_wait_ms,median,25.118857,26.574451500000002,-1.4555945000000037,-5.477420672257351
202,0,seed202-rep0,short_prompt,baseline,medium,e2e_latency_ms,mean,9908.4641743,11224.03226965,-1315.5680953500014,-11.72099352304361
202,0,seed202-rep0,short_prompt,baseline,medium,e2e_latency_ms,median,10177.1841575,11409.913249000001,-1232.7290915000012,-10.804018090216779
202,0,seed202-rep0,short_prompt,baseline,long,ttft_ms,mean,123.51457129999999,150.56866425,-27.054092950000026,-17.967943784823756
202,0,seed202-rep0,short_prompt,baseline,long,ttft_ms,median,86.340885,90.0648165,-3.723931500000006,-4.134723907420614
202,0,seed202-rep0,short_prompt,baseline,long,ttft_ms,p90,102.108536,176.000715,-73.89217900000001,-41.984022053546774
202,0,seed202-rep0,short_prompt,baseline,long,ttft_ms,p95,335.724577,389.14292,-53.41834299999999,-13.727178436138578
202,0,seed202-rep0,short_prompt,baseline,long,ttft_ms,max,681.029284,1114.190478,-433.161194,-38.87676322432187
202,0,seed202-rep0,short_prompt,baseline,long,queue_wait_ms,mean,85.72674775,105.7242393,-19.997491549999992,-18.91476513087571
202,0,seed202-rep0,short_prompt,baseline,long,queue_wait_ms,median,51.5807735,48.986720500000004,2.5940529999999953,5.295420827364827
202,0,seed202-rep0,short_prompt,baseline,long,queue_wait_ms,p90,69.938248,97.134668,-27.196420000000003,-27.998674994184363
202,0,seed202-rep0,short_prompt,baseline,long,queue_wait_ms,p95,288.229725,349.814315,-61.58459000000005,-17.604937064968322
202,0,seed202-rep0,short_prompt,baseline,long,queue_wait_ms,max,633.524305,1073.642408,-440.1181029999999,-40.99298795581852
202,0,seed202-rep0,short_prompt,baseline,long,e2e_latency_ms,mean,10058.4602713,11169.84493365,-1111.3846623499994,-9.949866528602106
202,0,seed202-rep0,short_prompt,baseline,long,e2e_latency_ms,median,10333.826162,11575.081696000001,-1241.2555340000017,-10.723514240326635
202,0,seed202-rep0,short_prompt,baseline,long,e2e_latency_ms,p90,14490.624343,16529.783625,-2039.1592820000005,-12.336273288634779
202,0,seed202-rep0,short_prompt,baseline,long,e2e_latency_ms,p95,15552.862412,17562.282633,-2009.4202209999985,-11.441680235940654
202,0,seed202-rep0,short_prompt,baseline,long,e2e_latency_ms,max,15853.113962,18273.511645,-2420.3976829999992,-13.245388899633141
202,0,seed202-rep0,aged_short_prompt,baseline,overall,ttft_ms,mean,80.6548686,106.36384523333332,-25.70897663333332,-24.170785267244547
202,0,seed202-rep0,aged_short_prompt,baseline,overall,ttft_ms,median,65.531474,67.5903485,-2.0588745000000017,-3.0461072411840004
202,0,seed202-rep0,aged_short_prompt,baseline,overall,queue_wait_ms,mean,43.19716461666667,67.38875686666667,-24.19159225,-35.898558416598696
202,0,seed202-rep0,aged_short_prompt,baseline,overall,queue_wait_ms,median,26.568277000000002,27.771943,-1.2036659999999983,-4.3341079880511
202,0,seed202-rep0,aged_short_prompt,baseline,overall,e2e_latency_ms,mean,8937.70731115,9886.546018866668,-948.8387077166681,-9.597271948221175
202,0,seed202-rep0,aged_short_prompt,baseline,overall,e2e_latency_ms,median,9076.012770000001,9955.1163715,-879.1036014999991,-8.830671271877247
202,0,seed202-rep0,aged_short_prompt,baseline,short,ttft_ms,mean,50.74289445,56.029522699999994,-5.286628249999993,-9.435433313087982
202,0,seed202-rep0,aged_short_prompt,baseline,short,ttft_ms,median,45.187125,53.79338,-8.606254999999997,-15.998725121938792
202,0,seed202-rep0,aged_short_prompt,baseline,short,queue_wait_ms,mean,14.6648731,21.9281148,-7.2632417,-33.122964587908854
202,0,seed202-rep0,aged_short_prompt,baseline,short,queue_wait_ms,median,0.0558095,25.9052935,-25.849484,-99.78456333644706
202,0,seed202-rep0,aged_short_prompt,baseline,short,e2e_latency_ms,mean,6526.69076215,7265.760853299999,-739.0700911499989,-10.171957294938002
202,0,seed202-rep0,aged_short_prompt,baseline,short,e2e_latency_ms,median,5492.1723565,6064.662988,-572.4906314999998,-9.439776499251039
202,0,seed202-rep0,aged_short_prompt,baseline,medium,ttft_ms,mean,61.944542999999996,112.49334875,-50.54880575,-44.93492843060199
202,0,seed202-rep0,aged_short_prompt,baseline,medium,ttft_ms,median,62.468028000000004,66.521756,-4.0537279999999924,-6.093837931758736
202,0,seed202-rep0,aged_short_prompt,baseline,medium,queue_wait_ms,mean,23.06540675,74.51391650000001,-51.44850975000001,-69.04550474138613
202,0,seed202-rep0,aged_short_prompt,baseline,medium,queue_wait_ms,median,25.915236999999998,26.574451500000002,-0.6592145000000045,-2.480632572980874
202,0,seed202-rep0,aged_short_prompt,baseline,medium,e2e_latency_ms,mean,10066.08339795,11224.03226965,-1157.9488717000004,-10.316692289197318
202,0,seed202-rep0,aged_short_prompt,baseline,medium,e2e_latency_ms,median,10337.820614,11409.913249000001,-1072.0926350000009,-9.396150624492805
202,0,seed202-rep0,aged_short_prompt,baseline,long,ttft_ms,mean,129.27716834999998,150.56866425,-21.29149590000003,-14.140721780362096
202,0,seed202-rep0,aged_short_prompt,baseline,long,ttft_ms,median,86.50951599999999,90.0648165,-3.5553005000000155,-3.9474909716826163
202,0,seed202-rep0,aged_short_prompt,baseline,long,ttft_ms,p90,102.013365,176.000715,-73.98735000000002,-42.03809626568847
202,0,seed202-rep0,aged_short_prompt,baseline,long,ttft_ms,p95,397.034833,389.14292,7.891912999999988,2.0280243053117832
202,0,seed202-rep0,aged_short_prompt,baseline,long,ttft_ms,max,744.523523,1114.190478,-369.66695500000003,-33.178075230328794
202,0,seed202-rep0,aged_short_prompt,baseline,long,queue_wait_ms,mean,91.86121399999999,105.7242393,-13.863025300000004,-13.112437972395991
202,0,seed202-rep0,aged_short_prompt,baseline,long,queue_wait_ms,median,52.064122499999996,48.986720500000004,3.077401999999992,6.282114762101684
202,0,seed202-rep0,aged_short_prompt,baseline,long,queue_wait_ms,p90,56.652887,97.134668,-40.481781000000005,-41.67593489895904
202,0,seed202-rep0,aged_short_prompt,baseline,long,queue_wait_ms,p95,357.965309,349.814315,8.150993999999969,2.330091608743904
202,0,seed202-rep0,aged_short_prompt,baseline,long,queue_wait_ms,max,706.052275,1073.642408,-367.5901329999999,-34.23766891666968
202,0,seed202-rep0,aged_short_prompt,baseline,long,e2e_latency_ms,mean,10220.34777335,11169.84493365,-949.4971602999995,-8.500540212868737
202,0,seed202-rep0,aged_short_prompt,baseline,long,e2e_latency_ms,median,10506.951471,11575.081696000001,-1068.1302250000008,-9.227841781618823
202,0,seed202-rep0,aged_short_prompt,baseline,long,e2e_latency_ms,p90,14716.72152,16529.783625,-1813.0621050000009,-10.968456370220641
202,0,seed202-rep0,aged_short_prompt,baseline,long,e2e_latency_ms,p95,15843.953485,17562.282633,-1718.329147999999,-9.784201654807744
202,0,seed202-rep0,aged_short_prompt,baseline,long,e2e_latency_ms,max,16189.918613,18273.511645,-2083.593031999999,-11.402258484729243
202,0,seed202-rep0,aged_short_prompt,short_prompt,overall,ttft_ms,mean,80.6548686,76.51125008333334,4.143618516666663,5.41569836089932
202,0,seed202-rep0,aged_short_prompt,short_prompt,overall,ttft_ms,median,65.531474,61.0261515,4.5053225000000054,7.382609568620767
202,0,seed202-rep0,aged_short_prompt,short_prompt,overall,queue_wait_ms,mean,43.19716461666667,40.6116042,2.5855604166666666,6.366555735975252
202,0,seed202-rep0,aged_short_prompt,short_prompt,overall,queue_wait_ms,median,26.568277000000002,25.7600515,0.8082255000000025,3.137515078337489
202,0,seed202-rep0,aged_short_prompt,short_prompt,overall,e2e_latency_ms,mean,8937.70731115,8796.102592433333,141.60471871666596,1.6098575161967585
202,0,seed202-rep0,aged_short_prompt,short_prompt,overall,e2e_latency_ms,median,9076.012770000001,8936.115113,139.89765700000135,1.5655310527108397
202,0,seed202-rep0,aged_short_prompt,short_prompt,short,ttft_ms,mean,50.74289445,46.96250285,3.7803916000000015,8.049808614491257
202,0,seed202-rep0,aged_short_prompt,short_prompt,short,ttft_ms,median,45.187125,40.536961500000004,4.650163499999998,11.47141603102146
202,0,seed202-rep0,aged_short_prompt,short_prompt,short,queue_wait_ms,mean,14.6648731,14.6372478,0.02762529999999863,0.18873288460689058
202,0,seed202-rep0,aged_short_prompt,short_prompt,short,queue_wait_ms,median,0.0558095,0.03741,0.0183995,49.18337342956429
202,0,seed202-rep0,aged_short_prompt,short_prompt,short,e2e_latency_ms,mean,6526.69076215,6421.3833317,105.30743045000054,1.6399492914577551
202,0,seed202-rep0,aged_short_prompt,short_prompt,short,e2e_latency_ms,median,5492.1723565,5420.2597025,71.91265400000066,1.3267381628749673
202,0,seed202-rep0,aged_short_prompt,short_prompt,medium,ttft_ms,mean,61.944542999999996,59.056676100000004,2.8878668999999917,4.889992276419349
202,0,seed202-rep0,aged_short_prompt,short_prompt,medium,ttft_ms,median,62.468028000000004,60.648764,1.819264000000004,2.9996720131015433
202,0,seed202-rep0,aged_short_prompt,short_prompt,medium,queue_wait_ms,mean,23.06540675,21.47081705,1.5945897000000002,7.426776988908301
202,0,seed202-rep0,aged_short_prompt,short_prompt,medium,queue_wait_ms,median,25.915236999999998,25.118857,0.7963799999999992,3.1704468081489505
202,0,seed202-rep0,aged_short_prompt,short_prompt,medium,e2e_latency_ms,mean,10066.08339795,9908.4641743,157.619223650001,1.5907533284403916
202,0,seed202-rep0,aged_short_prompt,short_prompt,medium,e2e_latency_ms,median,10337.820614,10177.1841575,160.63645650000035,1.5783978555759994
202,0,seed202-rep0,aged_short_prompt,short_prompt,long,ttft_ms,mean,129.27716834999998,123.51457129999999,5.762597049999997,4.665520018689485
202,0,seed202-rep0,aged_short_prompt,short_prompt,long,ttft_ms,median,86.50951599999999,86.340885,0.16863099999999065,0.19530839879622575
202,0,seed202-rep0,aged_short_prompt,short_prompt,long,ttft_ms,p90,102.013365,102.108536,-0.09517100000000767,-0.09320572376045785
202,0,seed202-rep0,aged_short_prompt,short_prompt,long,ttft_ms,p95,397.034833,335.724577,61.31025599999998,18.262069625006923
202,0,seed202-rep0,aged_short_prompt,short_prompt,long,ttft_ms,max,744.523523,681.029284,63.49423899999999,9.323275884271666
202,0,seed202-rep0,aged_short_prompt,short_prompt,long,queue_wait_ms,mean,91.86121399999999,85.72674775,6.1344662499999885,7.1558369015579375
202,0,seed202-rep0,aged_short_prompt,short_prompt,long,queue_wait_ms,median,52.064122499999996,51.5807735,0.4833489999999969,0.937072027428974
202,0,seed202-rep0,aged_short_prompt,short_prompt,long,queue_wait_ms,p90,56.652887,69.938248,-13.285361000000002,-18.99584473434336
202,0,seed202-rep0,aged_short_prompt,short_prompt,long,queue_wait_ms,p95,357.965309,288.229725,69.73558400000002,24.194445593701353
202,0,seed202-rep0,aged_short_prompt,short_prompt,long,queue_wait_ms,max,706.052275,633.524305,72.52796999999998,11.44833267288774
202,0,seed202-rep0,aged_short_prompt,short_prompt,long,e2e_latency_ms,mean,10220.34777335,10058.4602713,161.88750204999997,1.6094660383748467
202,0,seed202-rep0,aged_short_prompt,short_prompt,long,e2e_latency_ms,median,10506.951471,10333.826162,173.12530900000093,1.6753263146289894
202,0,seed202-rep0,aged_short_prompt,short_prompt,long,e2e_latency_ms,p90,14716.72152,14490.624343,226.09717699999965,1.5602997610604725
202,0,seed202-rep0,aged_short_prompt,short_prompt,long,e2e_latency_ms,p95,15843.953485,15552.862412,291.0910729999996,1.8716237904567634
202,0,seed202-rep0,aged_short_prompt,short_prompt,long,e2e_latency_ms,max,16189.918613,15853.113962,336.8046510000004,2.124533084208711
202,1,seed202-rep1,short_prompt,baseline,overall,ttft_ms,mean,87.69769426666667,76.81896263333333,10.878731633333345,14.161518537107712
202,1,seed202-rep1,short_prompt,baseline,overall,ttft_ms,median,63.6444775,60.1130605,3.5314169999999976,5.874625198961543
202,1,seed202-rep1,short_prompt,baseline,overall,queue_wait_ms,mean,49.69319865,41.6673536,8.025845050000001,19.261710563734965
202,1,seed202-rep1,short_prompt,baseline,overall,queue_wait_ms,median,27.4851505,26.1780875,1.3070629999999994,4.992965968197637
202,1,seed202-rep1,short_prompt,baseline,overall,e2e_latency_ms,mean,9549.514951633335,8909.06980065,640.4451509833343,7.18868709432053
202,1,seed202-rep1,short_prompt,baseline,overall,e2e_latency_ms,median,9600.800514999999,9018.088562500001,582.711952499998,6.461590485184348
202,1,seed202-rep1,short_prompt,baseline,short,ttft_ms,mean,52.936066749999995,53.20450395,-0.26843720000000815,-0.50453848841872
202,1,seed202-rep1,short_prompt,baseline,short,ttft_ms,median,47.795139,54.973995,-7.178856000000003,-13.058639816880696
202,1,seed202-rep1,short_prompt,baseline,short,queue_wait_ms,mean,14.8720059,21.21672045,-6.344714550000001,-29.904313274769102
202,1,seed202-rep1,short_prompt,baseline,short,queue_wait_ms,median,0.0378885,25.01164,-24.9737515,-99.8485165307033
202,1,seed202-rep1,short_prompt,baseline,short,e2e_latency_ms,mean,6920.6976307,6576.9084640500005,343.78916664999997,5.227215317488207
202,1,seed202-rep1,short_prompt,baseline,short,e2e_latency_ms,median,5679.0239065000005,5634.067081,44.95682550000038,0.7979462234592513
202,1,seed202-rep1,short_prompt,baseline,medium,ttft_ms,mean,66.0086266,76.41466390000001,-10.406037300000008,-13.617853915601671
202,1,seed202-rep1,short_prompt,baseline,medium,ttft_ms,median,63.6444775,60.466678,3.177799499999999,5.25545574043277
202,1,seed202-rep1,short_prompt,baseline,medium,queue_wait_ms,mean,28.04792465,41.3634397,-13.315515050000002,-32.19150812063631
202,1,seed202-rep1,short_prompt,baseline,medium,queue_wait_ms,median,26.4390755,26.316404,0.12267150000000271,0.4661408146797059
202,1,seed202-rep1,short_prompt,baseline,medium,e2e_latency_ms,mean,10798.434367,10094.80359355,703.6307734500006,6.970227473267338
202,1,seed202-rep1,short_prompt,baseline,medium,e2e_latency_ms,median,11013.260215,10302.636202500002,710.6240124999986,6.897496898197385
202,1,seed202-rep1,short_prompt,baseline,long,ttft_ms,mean,144.14838945,100.83772005,43.310669399999995,42.95086142221836
202,1,seed202-rep1,short_prompt,baseline,long,ttft_ms,median,90.8864715,69.2002275,21.686244000000002,31.33839986291953
202,1,seed202-rep1,short_prompt,baseline,long,ttft_ms,p90,109.381455,88.544767,20.83668800000001,23.532376566082114
202,1,seed202-rep1,short_prompt,baseline,long,ttft_ms,p95,504.403172,101.088577,403.314595,398.9714831973547
202,1,seed202-rep1,short_prompt,baseline,long,ttft_ms,max,865.235741,720.601586,144.63415499999996,20.07130678172001
202,1,seed202-rep1,short_prompt,baseline,long,queue_wait_ms,mean,106.1596654,62.42190065,43.73776475,70.06797981887468
202,1,seed202-rep1,short_prompt,baseline,long,queue_wait_ms,median,54.7501625,26.7721935,27.977969,104.50383529463136
202,1,seed202-rep1,short_prompt,baseline,long,queue_wait_ms,p90,60.534649,53.220253,7.314396000000002,13.743632522754076
202,1,seed202-rep1,short_prompt,baseline,long,queue_wait_ms,p95,475.567638,54.210664,421.356974,777.258463390155
202,1,seed202-rep1,short_prompt,baseline,long,queue_wait_ms,max,839.545498,669.937351,169.60814699999992,25.317016098121673
202,1,seed202-rep1,short_prompt,baseline,long,e2e_latency_ms,mean,10929.4128572,10055.49734435,873.9155128500006,8.690922814882326
202,1,seed202-rep1,short_prompt,baseline,long,e2e_latency_ms,median,11127.676831,10460.234232,667.442599,6.38076150300876
202,1,seed202-rep1,short_prompt,baseline,long,e2e_latency_ms,p90,15952.125248,14714.491965,1237.633283000001,8.410982084490888
202,1,seed202-rep1,short_prompt,baseline,long,e2e_latency_ms,p95,17196.442106,15505.128004,1691.3141019999985,10.908095060960958
202,1,seed202-rep1,short_prompt,baseline,long,e2e_latency_ms,max,17567.618598,16139.524882,1428.0937160000012,8.848424761206681
202,1,seed202-rep1,aged_short_prompt,baseline,overall,ttft_ms,mean,86.0928003,76.81896263333333,9.273837666666665,12.072328691721433
202,1,seed202-rep1,aged_short_prompt,baseline,overall,ttft_ms,median,66.94159049999999,60.1130605,6.828529999999986,11.359478195258394
202,1,seed202-rep1,aged_short_prompt,baseline,overall,queue_wait_ms,mean,48.217056516666666,41.6673536,6.549702916666668,15.719027849819259
202,1,seed202-rep1,aged_short_prompt,baseline,overall,queue_wait_ms,median,27.6611785,26.1780875,1.4830909999999982,5.665390949587124
202,1,seed202-rep1,aged_short_prompt,baseline,overall,e2e_latency_ms,mean,9183.575769883335,8909.06980065,274.5059692333343,3.081196750903293
202,1,seed202-rep1,aged_short_prompt,baseline,overall,e2e_latency_ms,median,9305.581962,9018.088562500001,287.4933994999992,3.187963807491153
202,1,seed202-rep1,aged_short_prompt,baseline,short,ttft_ms,mean,51.9594554,53.20450395,-1.24504855,-2.3401187071870067
202,1,seed202-rep1,aged_short_prompt,baseline,short,ttft_ms,median,44.248939500000006,54.973995,-10.725055499999996,-19.509325272794882
202,1,seed202-rep1,aged_short_prompt,baseline,short,queue_wait_ms,mean,16.1597007,21.21672045,-5.057019750000002,-23.83506801589593
202,1,seed202-rep1,aged_short_prompt,baseline,short,queue_wait_ms,median,0.035467,25.01164,-24.976173,-99.85819802300048
202,1,seed202-rep1,aged_short_prompt,baseline,short,e2e_latency_ms,mean,6717.918165699999,6576.9084640500005,141.00970164999853,2.1440119232428247
202,1,seed202-rep1,aged_short_prompt,baseline,short,e2e_latency_ms,median,5622.839223,5634.067081,-11.227858000000197,-0.1992851316567453
202,1,seed202-rep1,aged_short_prompt,baseline,medium,ttft_ms,mean,66.66754315,76.41466390000001,-9.747120750000008,-12.75556320283705
202,1,seed202-rep1,aged_short_prompt,baseline,medium,ttft_ms,median,66.94159049999999,60.466678,6.474912499999988,10.70823255744261
202,1,seed202-rep1,aged_short_prompt,baseline,medium,queue_wait_ms,mean,27.0895534,41.3634397,-14.273886300000001,-34.508460620116175
202,1,seed202-rep1,aged_short_prompt,baseline,medium,queue_wait_ms,median,27.095579,26.316404,0.7791750000000022,2.9607958594950974
202,1,seed202-rep1,aged_short_prompt,baseline,medium,e2e_latency_ms,mean,10344.526091,10094.80359355,249.72249745000045,2.473772720150383
202,1,seed202-rep1,aged_short_prompt,baseline,medium,e2e_latency_ms,median,10601.612315999999,10302.636202500002,298.97611349999715,2.901937985808415
202,1,seed202-rep1,aged_short_prompt,baseline,long,ttft_ms,mean,139.65140234999998,100.83772005,38.81368229999998,38.491233519316346
202,1,seed202-rep1,aged_short_prompt,baseline,long,ttft_ms,median,92.1480455,69.2002275,22.947817999999998,33.161477684448364
202,1,seed202-rep1,aged_short_prompt,baseline,long,ttft_ms,p90,106.806566,88.544767,18.26179900000001,20.624368462113647
202,1,seed202-rep1,aged_short_prompt,baseline,long,ttft_ms,p95,480.96032,101.088577,379.87174300000004,375.7810766294594
202,1,seed202-rep1,aged_short_prompt,baseline,long,ttft_ms,max,838.807731,720.601586,118.20614499999999,16.403814159798422
202,1,seed202-rep1,aged_short_prompt,baseline,long,queue_wait_ms,mean,101.40191545,62.42190065,38.980014800000006,62.44605562166587
202,1,seed202-rep1,aged_short_prompt,baseline,long,queue_wait_ms,median,54.347866999999994,26.7721935,27.575673499999994,103.00117358706522
202,1,seed202-rep1,aged_short_prompt,baseline,long,queue_wait_ms,p90,61.586393,53.220253,8.366140000000001,15.719842594510029
202,1,seed202-rep1,aged_short_prompt,baseline,long,queue_wait_ms,p95,434.960666,54.210664,380.750002,702.3525887821629
202,1,seed202-rep1,aged_short_prompt,baseline,long,queue_wait_ms,max,790.995965,669.937351,121.05861399999992,18.070139516672494
202,1,seed202-rep1,aged_short_prompt,baseline,long,e2e_latency_ms,mean,10488.28305295,10055.49734435,432.78570860000036,4.3039711888857966
202,1,seed202-rep1,aged_short_prompt,baseline,long,e2e_latency_ms,median,10754.828808499999,10460.234232,294.59457649999786,2.8163286783652763
202,1,seed202-rep1,aged_short_prompt,baseline,long,e2e_latency_ms,p90,15150.504438,14714.491965,436.0124730000007,2.9631500294886375
202,1,seed202-rep1,aged_short_prompt,baseline,long,e2e_latency_ms,p95,16289.097955,15505.128004,783.9699509999991,5.0561978643307635
202,1,seed202-rep1,aged_short_prompt,baseline,long,e2e_latency_ms,max,16614.822489,16139.524882,475.2976069999986,2.944929361149199
202,1,seed202-rep1,aged_short_prompt,short_prompt,overall,ttft_ms,mean,86.0928003,87.69769426666667,-1.6048939666666797,-1.8300298315558903
202,1,seed202-rep1,aged_short_prompt,short_prompt,overall,ttft_ms,median,66.94159049999999,63.6444775,3.297112999999989,5.180517037004489
202,1,seed202-rep1,aged_short_prompt,short_prompt,overall,queue_wait_ms,mean,48.217056516666666,49.69319865,-1.476142133333333,-2.9705114048506376
202,1,seed202-rep1,aged_short_prompt,short_prompt,overall,queue_wait_ms,median,27.6611785,27.4851505,0.17602799999999874,0.6404476482673753
202,1,seed202-rep1,aged_short_prompt,short_prompt,overall,e2e_latency_ms,mean,9183.575769883335,9549.514951633335,-365.93918175,-3.832018522442444
202,1,seed202-rep1,aged_short_prompt,short_prompt,overall,e2e_latency_ms,median,9305.581962,9600.800514999999,-295.2185529999988,-3.0749368507215444
202,1,seed202-rep1,aged_short_prompt,short_prompt,short,ttft_ms,mean,51.9594554,52.936066749999995,-0.9766113499999918,-1.8448883907680804
202,1,seed202-rep1,aged_short_prompt,short_prompt,short,ttft_ms,median,44.248939500000006,47.795139,-3.546199499999993,-7.4195819369831595
202,1,seed202-rep1,aged_short_prompt,short_prompt,short,queue_wait_ms,mean,16.1597007,14.8720059,1.2876947999999988,8.658514585446733
202,1,seed202-rep1,aged_short_prompt,short_prompt,short,queue_wait_ms,median,0.035467,0.0378885,-0.0024215,-6.391121316494451
202,1,seed202-rep1,aged_short_prompt,short_prompt,short,e2e_latency_ms,mean,6717.918165699999,6920.6976307,-202.77946500000144,-2.930043701092763
202,1,seed202-rep1,aged_short_prompt,short_prompt,short,e2e_latency_ms,median,5622.839223,5679.0239065000005,-56.184683500000574,-0.9893369780622628
202,1,seed202-rep1,aged_short_prompt,short_prompt,medium,ttft_ms,mean,66.66754315,66.0086266,0.6589165500000007,0.9982279346499852
202,1,seed202-rep1,aged_short_prompt,short_prompt,medium,ttft_ms,median,66.94159049999999,63.6444775,3.297112999999989,5.180517037004489
202,1,seed202-rep1,aged_short_prompt,short_prompt,medium,queue_wait_ms,mean,27.0895534,28.04792465,-0.958371249999999,-3.4169061060993653
202,1,seed202-rep1,aged_short_prompt,short_prompt,medium,queue_wait_ms,median,27.095579,26.4390755,0.6565034999999995,2.4830803936393293
202,1,seed202-rep1,aged_short_prompt,short_prompt,medium,e2e_latency_ms,mean,10344.526091,10798.434367,-453.9082760000001,-4.2034637668136705
202,1,seed202-rep1,aged_short_prompt,short_prompt,medium,e2e_latency_ms,median,10601.612315999999,11013.260215,-411.6478990000014,-3.7377478690582397
202,1,seed202-rep1,aged_short_prompt,short_prompt,long,ttft_ms,mean,139.65140234999998,144.14838945,-4.496987100000013,-3.11969292002382
202,1,seed202-rep1,aged_short_prompt,short_prompt,long,ttft_ms,median,92.1480455,90.8864715,1.261573999999996,1.3880767722399654
202,1,seed202-rep1,aged_short_prompt,short_prompt,long,ttft_ms,p90,106.806566,109.381455,-2.574888999999999,-2.3540452995436922
202,1,seed202-rep1,aged_short_prompt,short_prompt,long,ttft_ms,p95,480.96032,504.403172,-23.44285199999996,-4.647641668676889
202,1,seed202-rep1,aged_short_prompt,short_prompt,long,ttft_ms,max,838.807731,865.235741,-26.428009999999972,-3.0544288391803702
202,1,seed202-rep1,aged_short_prompt,short_prompt,long,queue_wait_ms,mean,101.40191545,106.1596654,-4.75774994999999,-4.481692676849743
202,1,seed202-rep1,aged_short_prompt,short_prompt,long,queue_wait_ms,median,54.347866999999994,54.7501625,-0.40229550000000813,-0.7347841205037667
202,1,seed202-rep1,aged_short_prompt,short_prompt,long,queue_wait_ms,p90,61.586393,60.534649,1.0517439999999993,1.7374247928653213
202,1,seed202-rep1,aged_short_prompt,short_prompt,long,queue_wait_ms,p95,434.960666,475.567638,-40.606971999999985,-8.538632311225514
202,1,seed202-rep1,aged_short_prompt,short_prompt,long,queue_wait_ms,max,790.995965,839.545498,-48.549533,-5.782835250222496
202,1,seed202-rep1,aged_short_prompt,short_prompt,long,e2e_latency_ms,mean,10488.28305295,10929.4128572,-441.12980425000023,-4.036171110137869
202,1,seed202-rep1,aged_short_prompt,short_prompt,long,e2e_latency_ms,median,10754.828808499999,11127.676831,-372.8480225000021,-3.350636688704912
202,1,seed202-rep1,aged_short_prompt,short_prompt,long,e2e_latency_ms,p90,15150.504438,15952.125248,-801.6208100000003,-5.025166224171313
202,1,seed202-rep1,aged_short_prompt,short_prompt,long,e2e_latency_ms,p95,16289.097955,17196.442106,-907.3441509999993,-5.276348127171134
202,1,seed202-rep1,aged_short_prompt,short_prompt,long,e2e_latency_ms,max,16614.822489,17567.618598,-952.7961090000026,-5.423592865958932
202,2,seed202-rep2,short_prompt,baseline,overall,ttft_ms,mean,81.9878721,85.72746653333334,-3.7395944333333375,-4.3621893712201025
202,2,seed202-rep2,short_prompt,baseline,overall,ttft_ms,median,68.6046705,67.660421,0.944249499999998,1.3955714227672305
202,2,seed202-rep2,short_prompt,baseline,overall,queue_wait_ms,mean,42.894249716666664,47.5288878,-4.634638083333336,-9.751202474662863
202,2,seed202-rep2,short_prompt,baseline,overall,queue_wait_ms,median,26.514563,27.343741,-0.8291780000000024,-3.03242339810051
202,2,seed202-rep2,short_prompt,baseline,overall,e2e_latency_ms,mean,9009.201876283334,9091.160188133334,-81.95831184999952,-0.9015165298371871
202,2,seed202-rep2,short_prompt,baseline,overall,e2e_latency_ms,median,9144.8711325,9206.5264055,-61.65527300000031,-0.6696909375415173
202,2,seed202-rep2,short_prompt,baseline,short,ttft_ms,mean,53.4181703,58.43631380000001,-5.018143500000008,-8.587371744861851
202,2,seed202-rep2,short_prompt,baseline,short,ttft_ms,median,44.087230500000004,52.895244500000004,-8.808014,-16.651806950244836
202,2,seed202-rep2,short_prompt,baseline,short,queue_wait_ms,mean,14.1955299,21.6907796,-7.495249699999999,-34.55500373070961
202,2,seed202-rep2,short_prompt,baseline,short,queue_wait_ms,median,0.0484445,25.233566500000002,-25.185122000000003,-99.80801564455821
202,2,seed202-rep2,short_prompt,baseline,short,e2e_latency_ms,mean,6561.03294725,6714.3601771,-153.32722985000055,-2.2835717150375467
202,2,seed202-rep2,short_prompt,baseline,short,e2e_latency_ms,median,5502.285643499999,5732.536222000001,-230.2505785000012,-4.016556888316879
202,2,seed202-rep2,short_prompt,baseline,medium,ttft_ms,mean,61.99827395,86.39546895,-24.397194999999996,-28.238975141299928
202,2,seed202-rep2,short_prompt,baseline,medium,ttft_ms,median,60.6939925,69.2726675,-8.578674999999997,-12.383924727599089
202,2,seed202-rep2,short_prompt,baseline,medium,queue_wait_ms,mean,22.499027599999998,47.539182950000004,-25.040155350000006,-52.67266662183979
202,2,seed202-rep2,short_prompt,baseline,medium,queue_wait_ms,median,25.906281999999997,26.7121145,-0.8058325000000011,-3.0167304800973396
202,2,seed202-rep2,short_prompt,baseline,medium,e2e_latency_ms,mean,10157.81976075,10301.9308908,-144.1111300499997,-1.3988749446833912
202,2,seed202-rep2,short_prompt,baseline,medium,e2e_latency_ms,median,10421.496265000002,10503.357583500001,-81.86131849999947,-0.7793823817690217
202,2,seed202-rep2,short_prompt,baseline,long,ttft_ms,mean,130.54717205,112.35061685000001,18.19655519999999,16.196221890169348
202,2,seed202-rep2,short_prompt,baseline,long,ttft_ms,median,86.852012,72.33420000000001,14.517811999999992,20.0704673584556
202,2,seed202-rep2,short_prompt,baseline,long,ttft_ms,p90,101.777139,100.349566,1.4275730000000095,1.4226000738259392
202,2,seed202-rep2,short_prompt,baseline,long,ttft_ms,p95,381.401154,103.913992,277.487162,267.0354171361255
202,2,seed202-rep2,short_prompt,baseline,long,ttft_ms,max,741.154185,818.355803,-77.20161800000005,-9.433747242579283
202,2,seed202-rep2,short_prompt,baseline,long,queue_wait_ms,mean,91.98819165,73.35670085,18.63149080000001,25.398485188282578
202,2,seed202-rep2,short_prompt,baseline,long,queue_wait_ms,median,52.098234500000004,30.8891725,21.209062000000003,68.66180050631012
202,2,seed202-rep2,short_prompt,baseline,long,queue_wait_ms,p90,58.03293,62.009326,-3.976396000000001,-6.412577359734567
202,2,seed202-rep2,short_prompt,baseline,long,queue_wait_ms,p95,352.101202,66.415866,285.685336,430.14621837498896
202,2,seed202-rep2,short_prompt,baseline,long,queue_wait_ms,max,712.946594,788.963813,-76.01721899999995,-9.635070423692545
202,2,seed202-rep2,short_prompt,baseline,long,e2e_latency_ms,mean,10308.75292085,10257.1894965,51.56342435000079,0.5027051939285656
202,2,seed202-rep2,short_prompt,baseline,long,e2e_latency_ms,median,10595.4774625,10661.4767295,-65.99926700000105,-0.6190443282344085
202,2,seed202-rep2,short_prompt,baseline,long,e2e_latency_ms,p90,14897.874274,15018.797759,-120.92348499999935,-0.8051475686696432
202,2,seed202-rep2,short_prompt,baseline,long,e2e_latency_ms,p95,16028.608202,15830.301501,198.30670099999952,1.2527032475501019
202,2,seed202-rep2,short_prompt,baseline,long,e2e_latency_ms,max,16341.15906,16479.660942,-138.50188199999866,-0.8404413324245847
202,2,seed202-rep2,aged_short_prompt,baseline,overall,ttft_ms,mean,83.88167198333333,85.72746653333334,-1.845794550000008,-2.153095880049493
202,2,seed202-rep2,aged_short_prompt,baseline,overall,ttft_ms,median,66.400842,67.660421,-1.2595790000000022,-1.8616186263458252
202,2,seed202-rep2,aged_short_prompt,baseline,overall,queue_wait_ms,mean,46.23271745,47.5288878,-1.296170349999997,-2.727121146731309
202,2,seed202-rep2,aged_short_prompt,baseline,overall,queue_wait_ms,median,26.349115,27.343741,-0.9946260000000002,-3.637490568682611
202,2,seed202-rep2,aged_short_prompt,baseline,overall,e2e_latency_ms,mean,8891.065352983333,9091.160188133334,-200.09483515000102,-2.2009823939873403
202,2,seed202-rep2,aged_short_prompt,baseline,overall,e2e_latency_ms,median,9015.2733495,9206.5264055,-191.25305600000138,-2.0773639000888147
202,2,seed202-rep2,aged_short_prompt,baseline,short,ttft_ms,mean,54.828387250000006,58.43631380000001,-3.607926550000002,-6.174117283215769
202,2,seed202-rep2,aged_short_prompt,baseline,short,ttft_ms,median,46.834048,52.895244500000004,-6.061196500000001,-11.458868481078673
202,2,seed202-rep2,aged_short_prompt,baseline,short,queue_wait_ms,mean,14.7890661,21.6907796,-6.9017135,-31.818651183934392
202,2,seed202-rep2,aged_short_prompt,baseline,short,queue_wait_ms,median,0.037472000000000005,25.233566500000002,-25.1960945,-99.85149939070244
202,2,seed202-rep2,aged_short_prompt,baseline,short,e2e_latency_ms,mean,6513.8174364,6714.3601771,-200.54274070000065,-2.986773652446763
202,2,seed202-rep2,aged_short_prompt,baseline,short,e2e_latency_ms,median,5513.8976365,5732.536222000001,-218.63858550000077,-3.813993964153634
202,2,seed202-rep2,aged_short_prompt,baseline,medium,ttft_ms,mean,62.5078801,86.39546895,-23.887588849999993,-27.649122274947725
202,2,seed202-rep2,aged_short_prompt,baseline,medium,ttft_ms,median,64.4017565,69.2726675,-4.870910999999992,-7.031504886108208
202,2,seed202-rep2,aged_short_prompt,baseline,medium,queue_wait_ms,mean,26.56494335,47.539182950000004,-20.974239600000004,-44.11989920411538
202,2,seed202-rep2,aged_short_prompt,baseline,medium,queue_wait_ms,median,26.281806000000003,26.7121145,-0.4303084999999953,-1.610911408754239
202,2,seed202-rep2,aged_short_prompt,baseline,medium,e2e_latency_ms,mean,10003.09974745,10301.9308908,-298.8311433500003,-2.900729450795165
202,2,seed202-rep2,aged_short_prompt,baseline,medium,e2e_latency_ms,median,10261.713855,10503.357583500001,-241.6437285000011,-2.3006331697171345
202,2,seed202-rep2,aged_short_prompt,baseline,long,ttft_ms,mean,134.3087486,112.35061685000001,21.958131749999993,19.544291224779325
202,2,seed202-rep2,aged_short_prompt,baseline,long,ttft_ms,median,89.47623949999999,72.33420000000001,17.14203949999998,23.69838817599418
202,2,seed202-rep2,aged_short_prompt,baseline,long,ttft_ms,p90,103.583895,100.349566,3.2343290000000025,3.2230622701447484
202,2,seed202-rep2,aged_short_prompt,baseline,long,ttft_ms,p95,455.685922,103.913992,351.77193,338.522198242562
202,2,seed202-rep2,aged_short_prompt,baseline,long,ttft_ms,max,784.47562,818.355803,-33.88018299999999,-4.140030885807745
202,2,seed202-rep2,aged_short_prompt,baseline,long,queue_wait_ms,mean,97.3441429,73.35670085,23.98744205,32.69972854838387
202,2,seed202-rep2,aged_short_prompt,baseline,long,queue_wait_ms,median,52.015842500000005,30.8891725,21.126670000000004,68.39506626472432
202,2,seed202-rep2,aged_short_prompt,baseline,long,queue_wait_ms,p90,60.422015,62.009326,-1.5873109999999997,-2.5597939896976136
202,2,seed202-rep2,aged_short_prompt,baseline,long,queue_wait_ms,p95,418.56429,66.415866,352.14842400000003,530.2173188557084
202,2,seed202-rep2,aged_short_prompt,baseline,long,queue_wait_ms,max,747.865222,788.963813,-41.09859099999994,-5.209185810908662
202,2,seed202-rep2,aged_short_prompt,baseline,long,e2e_latency_ms,mean,10156.2788751,10257.1894965,-100.91062139999849,-0.9838038132612411
202,2,seed202-rep2,aged_short_prompt,baseline,long,e2e_latency_ms,median,10416.4450635,10661.4767295,-245.03166600000077,-2.298290116996693
202,2,seed202-rep2,aged_short_prompt,baseline,long,e2e_latency_ms,p90,14581.562359,15018.797759,-437.2353999999996,-2.9112543295150686
202,2,seed202-rep2,aged_short_prompt,baseline,long,e2e_latency_ms,p95,15732.365354,15830.301501,-97.93614700000035,-0.6186625503867612
202,2,seed202-rep2,aged_short_prompt,baseline,long,e2e_latency_ms,max,16049.204065,16479.660942,-430.4568769999987,-2.61204935292654
202,2,seed202-rep2,aged_short_prompt,short_prompt,overall,ttft_ms,mean,83.88167198333333,81.9878721,1.8937998833333296,2.3098536830221374
202,2,seed202-rep2,aged_short_prompt,short_prompt,overall,ttft_ms,median,66.400842,68.6046705,-2.2038285,-3.212359280990935
202,2,seed202-rep2,aged_short_prompt,short_prompt,overall,queue_wait_ms,mean,46.23271745,42.894249716666664,3.3384677333333386,7.783019298356369
202,2,seed202-rep2,aged_short_prompt,short_prompt,overall,queue_wait_ms,median,26.349115,26.514563,-0.16544799999999782,-0.6239891639926248
202,2,seed202-rep2,aged_short_prompt,short_prompt,overall,e2e_latency_ms,mean,8891.065352983333,9009.201876283334,-118.1365233000015,-1.3112873362400186
202,2,seed202-rep2,aged_short_prompt,short_prompt,overall,e2e_latency_ms,median,9015.2733495,9144.8711325,-129.59778300000107,-1.417163578603343
202,2,seed202-rep2,aged_short_prompt,short_prompt,short,ttft_ms,mean,54.828387250000006,53.4181703,1.410216950000006,2.6399574191331032
202,2,seed202-rep2,aged_short_prompt,short_prompt,short,ttft_ms,median,46.834048,44.087230500000004,2.746817499999999,6.230415176566825
202,2,seed202-rep2,aged_short_prompt,short_prompt,short,queue_wait_ms,mean,14.7890661,14.1955299,0.5935361999999991,4.181148602279363
202,2,seed202-rep2,aged_short_prompt,short_prompt,short,queue_wait_ms,median,0.037472000000000005,0.0484445,-0.010972499999999996,-22.649629988956427
202,2,seed202-rep2,aged_short_prompt,short_prompt,short,e2e_latency_ms,mean,6513.8174364,6561.03294725,-47.2155108500001,-0.7196353261690307
202,2,seed202-rep2,aged_short_prompt,short_prompt,short,e2e_latency_ms,median,5513.8976365,5502.285643499999,11.611993000000439,0.21103944346688006
202,2,seed202-rep2,aged_short_prompt,short_prompt,medium,ttft_ms,mean,62.5078801,61.99827395,0.5096061500000033,0.8219682864251793
202,2,seed202-rep2,aged_short_prompt,short_prompt,medium,ttft_ms,median,64.4017565,60.6939925,3.7077640000000045,6.1089472734884005
202,2,seed202-rep2,aged_short_prompt,short_prompt,medium,queue_wait_ms,mean,26.56494335,22.499027599999998,4.065915750000002,18.07151767750177
202,2,seed202-rep2,aged_short_prompt,short_prompt,medium,queue_wait_ms,median,26.281806000000003,25.906281999999997,0.37552400000000574,1.4495480285438327
202,2,seed202-rep2,aged_short_prompt,short_prompt,medium,e2e_latency_ms,mean,10003.09974745,10157.81976075,-154.72001330000057,-1.5231616325566388
202,2,seed202-rep2,aged_short_prompt,short_prompt,medium,e2e_latency_ms,median,10261.713855,10421.496265000002,-159.78241000000162,-1.5332002808140104
202,2,seed202-rep2,aged_short_prompt,short_prompt,long,ttft_ms,mean,134.3087486,130.54717205,3.761576550000001,2.881392596202164
202,2,seed202-rep2,aged_short_prompt,short_prompt,long,ttft_ms,median,89.47623949999999,86.852012,2.6242274999999893,3.0214930426712385
202,2,seed202-rep2,aged_short_prompt,short_prompt,long,ttft_ms,p90,103.583895,101.777139,1.806755999999993,1.7752080847939662
202,2,seed202-rep2,aged_short_prompt,short_prompt,long,ttft_ms,p95,455.685922,381.401154,74.28476799999999,19.476807351243615
202,2,seed202-rep2,aged_short_prompt,short_prompt,long,ttft_ms,max,784.47562,741.154185,43.321435000000065,5.845131266444925
202,2,seed202-rep2,aged_short_prompt,short_prompt,long,queue_wait_ms,mean,97.3441429,91.98819165,5.35595124999999,5.822433460132042
202,2,seed202-rep2,aged_short_prompt,short_prompt,long,queue_wait_ms,median,52.015842500000005,52.098234500000004,-0.08239199999999869,-0.15814739365112013
202,2,seed202-rep2,aged_short_prompt,short_prompt,long,queue_wait_ms,p90,60.422015,58.03293,2.3890850000000015,4.116774734620502
202,2,seed202-rep2,aged_short_prompt,short_prompt,long,queue_wait_ms,p95,418.56429,352.101202,66.46308800000003,18.876132095680838
202,2,seed202-rep2,aged_short_prompt,short_prompt,long,queue_wait_ms,max,747.865222,712.946594,34.91862800000001,4.897790142188408
202,2,seed202-rep2,aged_short_prompt,short_prompt,long,e2e_latency_ms,mean,10156.2788751,10308.75292085,-152.47404574999928,-1.4790736272436253
202,2,seed202-rep2,aged_short_prompt,short_prompt,long,e2e_latency_ms,median,10416.4450635,10595.4774625,-179.0323989999997,-1.6897058167849388
202,2,seed202-rep2,aged_short_prompt,short_prompt,long,e2e_latency_ms,p90,14581.562359,14897.874274,-316.3119150000002,-2.123201667448843
202,2,seed202-rep2,aged_short_prompt,short_prompt,long,e2e_latency_ms,p95,15732.365354,16028.608202,-296.24284799999987,-1.848213171515638
202,2,seed202-rep2,aged_short_prompt,short_prompt,long,e2e_latency_ms,max,16049.204065,16341.15906,-291.95499500000005,-1.786623543213954
202,3,seed202-rep3,short_prompt,baseline,overall,ttft_ms,mean,102.66787058333333,92.62704155,10.040829033333324,10.840062324470649
202,3,seed202-rep3,short_prompt,baseline,overall,ttft_ms,median,69.724772,67.1721665,2.5526054999999985,3.8000940463934545
202,3,seed202-rep3,short_prompt,baseline,overall,queue_wait_ms,mean,62.893573999999994,53.465927416666666,9.427646583333328,17.63299925551183
202,3,seed202-rep3,short_prompt,baseline,overall,queue_wait_ms,median,29.1489875,26.648976,2.5000114999999994,9.38126665730045
202,3,seed202-rep3,short_prompt,baseline,overall,e2e_latency_ms,mean,9750.8447933,9074.355350616668,676.4894426833325,7.454958689019824
202,3,seed202-rep3,short_prompt,baseline,overall,e2e_latency_ms,median,9913.6579605,9206.08972,707.5682405000007,7.6858716569188585
202,3,seed202-rep3,short_prompt,baseline,short,ttft_ms,mean,53.49001500000001,58.075752699999995,-4.585737699999989,-7.896131322978081
202,3,seed202-rep3,short_prompt,baseline,short,ttft_ms,median,44.5524095,54.037557500000005,-9.485148000000002,-17.552880697836873
202,3,seed202-rep3,short_prompt,baseline,short,queue_wait_ms,mean,15.48843655,21.94545325,-6.4570167000000005,-29.42302729609834
202,3,seed202-rep3,short_prompt,baseline,short,queue_wait_ms,median,0.054955500000000004,26.111855,-26.0568995,-99.7895381235841
202,3,seed202-rep3,short_prompt,baseline,short,e2e_latency_ms,mean,7105.34165095,6732.9417177,372.3999332500007,5.531013765810735
202,3,seed202-rep3,short_prompt,baseline,short,e2e_latency_ms,median,5906.906123500001,5807.6456065,99.26051700000062,1.7091352283773449
202,3,seed202-rep3,short_prompt,baseline,medium,ttft_ms,mean,87.3236845,95.45771975,-8.134035249999997,-8.521086897217653
202,3,seed202-rep3,short_prompt,baseline,medium,ttft_ms,median,66.738999,71.2691145,-4.530115499999994,-6.356351600243319
202,3,seed202-rep3,short_prompt,baseline,medium,queue_wait_ms,mean,47.436890749999996,53.508308750000005,-6.071418000000008,-11.346682677575766
202,3,seed202-rep3,short_prompt,baseline,medium,queue_wait_ms,median,29.1489875,28.467478,0.6815095000000007,2.393993243799119
202,3,seed202-rep3,short_prompt,baseline,medium,e2e_latency_ms,mean,10996.1263523,10264.9442389,731.1821134000002,7.123098736660592
202,3,seed202-rep3,short_prompt,baseline,medium,e2e_latency_ms,median,11309.453394,10477.443445500001,832.0099484999992,7.940963392719074
202,3,seed202-rep3,short_prompt,baseline,long,ttft_ms,mean,167.18991225,124.3476522,42.84226004999999,34.45361395412015
202,3,seed202-rep3,short_prompt,baseline,long,ttft_ms,median,92.213488,67.0556715,25.157816499999996,37.5178056340842
202,3,seed202-rep3,short_prompt,baseline,long,ttft_ms,p90,106.634233,140.220301,-33.58606800000001,-23.95235765468797
202,3,seed202-rep3,short_prompt,baseline,long,ttft_ms,p95,711.752417,225.925885,485.82653200000004,215.03801213393498
202,3,seed202-rep3,short_prompt,baseline,long,ttft_ms,max,1079.344152,913.062855,166.28129699999988,18.211374615606267
202,3,seed202-rep3,short_prompt,baseline,long,queue_wait_ms,mean,125.75539470000001,84.94402025000001,40.81137445,48.04502345178324
202,3,seed202-rep3,short_prompt,baseline,long,queue_wait_ms,median,56.22356,28.146261000000003,28.077298999999996,99.75498699454253
202,3,seed202-rep3,short_prompt,baseline,long,queue_wait_ms,p90,59.826416,99.291771,-39.465354999999995,-39.74685374480831
202,3,seed202-rep3,short_prompt,baseline,long,queue_wait_ms,p95,665.846177,185.434047,480.41213000000005,259.0743920937022
202,3,seed202-rep3,short_prompt,baseline,long,queue_wait_ms,max,1029.899099,872.64449,157.25460899999996,18.020466616365155
202,3,seed202-rep3,short_prompt,baseline,long,e2e_latency_ms,mean,11151.06637665,10225.18009525,925.8862814000004,9.054963069355729
202,3,seed202-rep3,short_prompt,baseline,long,e2e_latency_ms,median,11468.022818,10629.2349655,838.7878524999996,7.891328540788758
202,3,seed202-rep3,short_prompt,baseline,long,e2e_latency_ms,p90,16131.508967,14866.364166,1265.1448010000004,8.510115767871742
202,3,seed202-rep3,short_prompt,baseline,long,e2e_latency_ms,p95,17322.39992,15630.681766,1691.7181540000001,10.823060563358412
202,3,seed202-rep3,short_prompt,baseline,long,e2e_latency_ms,max,17648.4936,16265.73865,1382.7549500000023,8.501027710782765
202,3,seed202-rep3,aged_short_prompt,baseline,overall,ttft_ms,mean,101.10003241666666,92.62704155,8.472990866666663,9.147426847367191
202,3,seed202-rep3,aged_short_prompt,baseline,overall,ttft_ms,median,71.4545315,67.1721665,4.282364999999999,6.375207505031118
202,3,seed202-rep3,aged_short_prompt,baseline,overall,queue_wait_ms,mean,59.71202783333333,53.465927416666666,6.246100416666664,11.68239422462463
202,3,seed202-rep3,aged_short_prompt,baseline,overall,queue_wait_ms,median,27.7306885,26.648976,1.0817124999999983,4.059114691686458
202,3,seed202-rep3,aged_short_prompt,baseline,overall,e2e_latency_ms,mean,9577.204259583332,9074.355350616668,502.84890896666366,5.541428449046702
202,3,seed202-rep3,aged_short_prompt,baseline,overall,e2e_latency_ms,median,9698.20908,9206.08972,492.1193600000006,5.345585096035764
202,3,seed202-rep3,aged_short_prompt,baseline,short,ttft_ms,mean,54.405404350000005,58.075752699999995,-3.6703483499999905,-6.3199324664112195
202,3,seed202-rep3,aged_short_prompt,baseline,short,ttft_ms,median,46.196072,54.037557500000005,-7.8414855000000045,-14.511176786626605
202,3,seed202-rep3,aged_short_prompt,baseline,short,queue_wait_ms,mean,15.28080555,21.94545325,-6.6646477,-30.369150384260116
202,3,seed202-rep3,aged_short_prompt,baseline,short,queue_wait_ms,median,0.038170499999999996,26.111855,-26.0736845,-99.85381927097865
202,3,seed202-rep3,aged_short_prompt,baseline,short,e2e_latency_ms,mean,6990.4865817,6732.9417177,257.5448640000004,3.825146196096567
202,3,seed202-rep3,aged_short_prompt,baseline,short,e2e_latency_ms,median,5847.934922,5807.6456065,40.28931550000016,0.6937288917028233
202,3,seed202-rep3,aged_short_prompt,baseline,medium,ttft_ms,mean,84.9624307,95.45771975,-10.495289049999997,-10.994699095564764
202,3,seed202-rep3,aged_short_prompt,baseline,medium,ttft_ms,median,72.019217,71.2691145,0.750102499999997,1.0524930823996657
202,3,seed202-rep3,aged_short_prompt,baseline,medium,queue_wait_ms,mean,41.4240791,53.508308750000005,-12.084229650000005,-22.583837785753232
202,3,seed202-rep3,aged_short_prompt,baseline,medium,queue_wait_ms,median,27.7306885,28.467478,-0.7367895000000004,-2.5881797467271266
202,3,seed202-rep3,aged_short_prompt,baseline,medium,e2e_latency_ms,mean,10791.03369415,10264.9442389,526.0894552500013,5.12510777463685
202,3,seed202-rep3,aged_short_prompt,baseline,medium,e2e_latency_ms,median,11081.586127999999,10477.443445500001,604.142682499998,5.76612687668072
202,3,seed202-rep3,aged_short_prompt,baseline,long,ttft_ms,mean,163.9322622,124.3476522,39.58461,31.833821788876524
202,3,seed202-rep3,aged_short_prompt,baseline,long,ttft_ms,median,94.016827,67.0556715,26.961155500000004,40.20712177940087
202,3,seed202-rep3,aged_short_prompt,baseline,long,ttft_ms,p90,114.825065,140.220301,-25.39523600000001,-18.110955274586104
202,3,seed202-rep3,aged_short_prompt,baseline,long,ttft_ms,p95,668.248084,225.925885,442.32219899999996,195.7819923998527
202,3,seed202-rep3,aged_short_prompt,baseline,long,ttft_ms,max,1047.808699,913.062855,134.74584399999992,14.757564965229028
202,3,seed202-rep3,aged_short_prompt,baseline,long,queue_wait_ms,mean,122.43119885000002,84.94402025000001,37.48717860000001,44.131627499700315
202,3,seed202-rep3,aged_short_prompt,baseline,long,queue_wait_ms,median,54.421194,28.146261000000003,26.274932999999997,93.3514153087687
202,3,seed202-rep3,aged_short_prompt,baseline,long,queue_wait_ms,p90,66.164436,99.291771,-33.127335,-33.3636258738904
202,3,seed202-rep3,aged_short_prompt,baseline,long,queue_wait_ms,p95,622.060741,185.434047,436.62669400000004,235.46198827230475
202,3,seed202-rep3,aged_short_prompt,baseline,long,queue_wait_ms,max,1002.934809,872.64449,130.29031899999995,14.93051528922161
202,3,seed202-rep3,aged_short_prompt,baseline,long,e2e_latency_ms,mean,10950.0925029,10225.18009525,724.9124076500011,7.089483030100874
202,3,seed202-rep3,aged_short_prompt,baseline,long,e2e_latency_ms,median,11253.0492705,10629.2349655,623.8143049999999,5.8688542216326445
202,3,seed202-rep3,aged_short_prompt,baseline,long,e2e_latency_ms,p90,15781.514463,14866.364166,915.1502970000001,6.1558447430810785
202,3,seed202-rep3,aged_short_prompt,baseline,long,e2e_latency_ms,p95,16985.835858,15630.681766,1355.1540919999989,8.669833551008262
202,3,seed202-rep3,aged_short_prompt,baseline,long,e2e_latency_ms,max,17336.255258,16265.73865,1070.5166080000017,6.58142019268213
202,3,seed202-rep3,aged_short_prompt,short_prompt,overall,ttft_ms,mean,101.10003241666666,102.66787058333333,-1.567838166666661,-1.5270971899568913
202,3,seed202-rep3,aged_short_prompt,short_prompt,overall,ttft_ms,median,71.4545315,69.724772,1.7297595000000001,2.480839234583657
202,3,seed202-rep3,aged_short_prompt,short_prompt,overall,queue_wait_ms,mean,59.71202783333333,62.893573999999994,-3.1815461666666636,-5.058618813213992
202,3,seed202-rep3,aged_short_prompt,short_prompt,overall,queue_wait_ms,median,27.7306885,29.1489875,-1.418299000000001,-4.865688731040834
202,3,seed202-rep3,aged_short_prompt,short_prompt,overall,e2e_latency_ms,mean,9577.204259583332,9750.8447933,-173.64053371666887,-1.7807742549238474
202,3,seed202-rep3,aged_short_prompt,short_prompt,overall,e2e_latency_ms,median,9698.20908,9913.6579605,-215.4488805000001,-2.1732531156353696
202,3,seed202-rep3,aged_short_prompt,short_prompt,short,ttft_ms,mean,54.405404350000005,53.49001500000001,0.9153893499999981,1.7113275253334628
202,3,seed202-rep3,aged_short_prompt,short_prompt,short,ttft_ms,median,46.196072,44.5524095,1.6436624999999978,3.6892785787489175
202,3,seed202-rep3,aged_short_prompt,short_prompt,short,queue_wait_ms,mean,15.28080555,15.48843655,-0.20763099999999923,-1.3405549316079888
202,3,seed202-rep3,aged_short_prompt,short_prompt,short,queue_wait_ms,median,0.038170499999999996,0.054955500000000004,-0.016785000000000008,-30.542893795889412
202,3,seed202-rep3,aged_short_prompt,short_prompt,short,e2e_latency_ms,mean,6990.4865817,7105.34165095,-114.85506925000027,-1.6164608950879074
202,3,seed202-rep3,aged_short_prompt,short_prompt,short,e2e_latency_ms,median,5847.934922,5906.906123500001,-58.97120150000046,-0.9983432996402258
202,3,seed202-rep3,aged_short_prompt,short_prompt,medium,ttft_ms,mean,84.9624307,87.3236845,-2.3612538,-2.704024473451988
202,3,seed202-rep3,aged_short_prompt,short_prompt,medium,ttft_ms,median,72.019217,66.738999,5.280217999999991,7.911742877653874
202,3,seed202-rep3,aged_short_prompt,short_prompt,medium,queue_wait_ms,mean,41.4240791,47.436890749999996,-6.012811649999996,-12.675391567479572
202,3,seed202-rep3,aged_short_prompt,short_prompt,medium,queue_wait_ms,median,27.7306885,29.1489875,-1.418299000000001,-4.865688731040834
202,3,seed202-rep3,aged_short_prompt,short_prompt,medium,e2e_latency_ms,mean,10791.03369415,10996.1263523,-205.0926581499989,-1.8651355175370532
202,3,seed202-rep3,aged_short_prompt,short_prompt,medium,e2e_latency_ms,median,11081.586127999999,11309.453394,-227.8672660000011,-2.0148388968196413
202,3,seed202-rep3,aged_short_prompt,short_prompt,long,ttft_ms,mean,163.9322622,167.18991225,-3.257650049999995,-1.9484728511184415
202,3,seed202-rep3,aged_short_prompt,short_prompt,long,ttft_ms,median,94.016827,92.213488,1.8033390000000082,1.9556130443737345
202,3,seed202-rep3,aged_short_prompt,short_prompt,long,ttft_ms,p90,114.825065,106.634233,8.190832,7.681240601224188
202,3,seed202-rep3,aged_short_prompt,short_prompt,long,ttft_ms,p95,668.248084,711.752417,-43.50433300000009,-6.112284547394812
202,3,seed202-rep3,aged_short_prompt,short_prompt,long,ttft_ms,max,1047.808699,1079.344152,-31.53545299999996,-2.9217236172137953
202,3,seed202-rep3,aged_short_prompt,short_prompt,long,queue_wait_ms,mean,122.43119885000002,125.75539470000001,-3.3241958499999953,-2.6433823041390325
202,3,seed202-rep3,aged_short_prompt,short_prompt,long,queue_wait_ms,median,54.421194,56.22356,-1.8023659999999992,-3.2057130498317776
202,3,seed202-rep3,aged_short_prompt,short_prompt,long,queue_wait_ms,p90,66.164436,59.826416,6.338019999999993,10.59401586081973
202,3,seed202-rep3,aged_short_prompt,short_prompt,long,queue_wait_ms,p95,622.060741,665.846177,-43.785436000000004,-6.57590859757989
202,3,seed202-rep3,aged_short_prompt,short_prompt,long,queue_wait_ms,max,1002.934809,1029.899099,-26.964290000000005,-2.6181487124497433
202,3,seed202-rep3,aged_short_prompt,short_prompt,long,e2e_latency_ms,mean,10950.0925029,11151.06637665,-200.97387374999926,-1.8022838978954743
202,3,seed202-rep3,aged_short_prompt,short_prompt,long,e2e_latency_ms,median,11253.0492705,11468.022818,-214.97354749999977,-1.874547608700091
202,3,seed202-rep3,aged_short_prompt,short_prompt,long,e2e_latency_ms,p90,15781.514463,16131.508967,-349.99450400000023,-2.169632764770977
202,3,seed202-rep3,aged_short_prompt,short_prompt,long,e2e_latency_ms,p95,16985.835858,17322.39992,-336.5640620000013,-1.9429412988636352
202,3,seed202-rep3,aged_short_prompt,short_prompt,long,e2e_latency_ms,max,17336.255258,17648.4936,-312.23834200000056,-1.7692067610801667
202,4,seed202-rep4,short_prompt,baseline,overall,ttft_ms,mean,57.11510941666667,90.09495601666667,-32.9798466,-36.605652589362556
202,4,seed202-rep4,short_prompt,baseline,overall,ttft_ms,median,57.6680875,69.56500750000001,-11.896920000000009,-17.10187409956077
202,4,seed202-rep4,short_prompt,baseline,overall,queue_wait_ms,mean,23.5065427,50.81330403333333,-27.30676133333333,-53.739393359306455
202,4,seed202-rep4,short_prompt,baseline,overall,queue_wait_ms,median,23.1994245,27.063441,-3.8640165000000017,-14.277624563705707
202,4,seed202-rep4,short_prompt,baseline,overall,e2e_latency_ms,mean,7531.281425133333,8571.590229083335,-1040.3088039500017,-12.136707147061726
202,4,seed202-rep4,short_prompt,baseline,overall,e2e_latency_ms,median,7623.717279500001,8929.696281,-1305.9790014999999,-14.625122293115087
202,4,seed202-rep4,short_prompt,baseline,short,ttft_ms,mean,44.067321449999994,58.64625205,-14.578930600000007,-24.859100267090312
202,4,seed202-rep4,short_prompt,baseline,short,ttft_ms,median,36.9212905,58.4603695,-21.539079,-36.843898155655694
202,4,seed202-rep4,short_prompt,baseline,short,queue_wait_ms,mean,12.67632665,21.38022425,-8.703897600000001,-40.71003885752041
202,4,seed202-rep4,short_prompt,baseline,short,queue_wait_ms,median,0.0312085,26.5410295,-26.509821,-99.88241413167488
202,4,seed202-rep4,short_prompt,baseline,short,e2e_latency_ms,mean,5451.7642208,6465.98376595,-1014.2195451500002,-15.685463834457808
202,4,seed202-rep4,short_prompt,baseline,short,e2e_latency_ms,median,4587.2892465,5836.176178,-1248.8869314999993,-21.39906153292275
202,4,seed202-rep4,short_prompt,baseline,medium,ttft_ms,mean,55.56999605,88.720812,-33.150815949999995,-37.36532072091495
202,4,seed202-rep4,short_prompt,baseline,medium,ttft_ms,median,55.7839605,66.3046315,-10.520671,-15.867173622705376
202,4,seed202-rep4,short_prompt,baseline,medium,queue_wait_ms,mean,19.74800685,49.3336041,-29.585597250000003,-59.97047608771807
202,4,seed202-rep4,short_prompt,baseline,medium,queue_wait_ms,median,22.9780785,26.5770805,-3.5990020000000023,-13.541750757762886
202,4,seed202-rep4,short_prompt,baseline,medium,e2e_latency_ms,mean,8504.67176635,9630.453715849999,-1125.7819494999985,-11.689812159599121
202,4,seed202-rep4,short_prompt,baseline,medium,e2e_latency_ms,median,8720.510395,9949.640824999999,-1229.1304299999993,-12.353515585322642
202,4,seed202-rep4,short_prompt,baseline,long,ttft_ms,mean,71.70801075,122.917804,-51.209793250000004,-41.6618191860961
202,4,seed202-rep4,short_prompt,baseline,long,ttft_ms,median,78.10402350000001,75.83741599999999,2.2666075000000205,2.9887720594277907
202,4,seed202-rep4,short_prompt,baseline,long,ttft_ms,p90,85.902383,115.443948,-29.541565000000006,-25.589531120332097
202,4,seed202-rep4,short_prompt,baseline,long,ttft_ms,p95,89.140391,150.308919,-61.16852800000001,-40.695208512543424
202,4,seed202-rep4,short_prompt,baseline,long,ttft_ms,max,92.646367,945.53216,-852.8857929999999,-90.20166939641693
202,4,seed202-rep4,short_prompt,baseline,long,queue_wait_ms,mean,38.0952946,81.72608375,-43.63078915,-53.386614343918076
202,4,seed202-rep4,short_prompt,baseline,long,queue_wait_ms,median,45.501587,29.6223785,15.8792085,53.60544731409735
202,4,seed202-rep4,short_prompt,baseline,long,queue_wait_ms,p90,49.080821,60.785696,-11.704875000000001,-19.255969364897954
202,4,seed202-rep4,short_prompt,baseline,long,queue_wait_ms,p95,50.066142,111.046268,-60.980126,-54.914160645182605
202,4,seed202-rep4,short_prompt,baseline,long,queue_wait_ms,max,55.877791,907.706963,-851.829172,-93.84407156960413
202,4,seed202-rep4,short_prompt,baseline,long,e2e_latency_ms,mean,8637.40828825,9618.33320545,-980.9249172,-10.19849173705255
202,4,seed202-rep4,short_prompt,baseline,long,e2e_latency_ms,median,8843.3634795,10097.8047375,-1254.4412580000007,-12.422910628697435
202,4,seed202-rep4,short_prompt,baseline,long,e2e_latency_ms,p90,12525.905922,13535.941072,-1010.0351499999997,-7.461876086985375
202,4,seed202-rep4,short_prompt,baseline,long,e2e_latency_ms,p95,13505.189092,14126.742437,-621.5533450000003,-4.399834907246991
202,4,seed202-rep4,short_prompt,baseline,long,e2e_latency_ms,max,13806.941423,14677.436115,-870.4946920000002,-5.9308361840551616
202,4,seed202-rep4,aged_short_prompt,baseline,overall,ttft_ms,mean,79.85361363333332,90.09495601666667,-10.241342383333347,-11.36727607862842
202,4,seed202-rep4,aged_short_prompt,baseline,overall,ttft_ms,median,62.707416,69.56500750000001,-6.857591500000005,-9.857817524133818
202,4,seed202-rep4,aged_short_prompt,baseline,overall,queue_wait_ms,mean,44.630033166666664,50.81330403333333,-6.183270866666668,-12.168606203230686
202,4,seed202-rep4,aged_short_prompt,baseline,overall,queue_wait_ms,median,26.5879125,27.063441,-0.47552849999999935,-1.75708809533865
202,4,seed202-rep4,aged_short_prompt,baseline,overall,e2e_latency_ms,mean,8965.311373800001,8571.590229083335,393.72114471666646,4.593326724611424
202,4,seed202-rep4,aged_short_prompt,baseline,overall,e2e_latency_ms,median,9063.45611,8929.696281,133.75982899999872,1.4979213714648254
202,4,seed202-rep4,aged_short_prompt,baseline,short,ttft_ms,mean,53.738908349999996,58.64625205,-4.9073437000000055,-8.367702160772618
202,4,seed202-rep4,aged_short_prompt,baseline,short,ttft_ms,median,44.252091,58.4603695,-14.208278499999999,-24.304120246793854
202,4,seed202-rep4,aged_short_prompt,baseline,short,queue_wait_ms,mean,15.542600400000001,21.38022425,-5.83762385,-27.303847619839626
202,4,seed202-rep4,aged_short_prompt,baseline,short,queue_wait_ms,median,0.0350815,26.5410295,-26.505948,-99.86782163065678
202,4,seed202-rep4,aged_short_prompt,baseline,short,e2e_latency_ms,mean,6551.422130450001,6465.98376595,85.43836450000072,1.321351361101784
202,4,seed202-rep4,aged_short_prompt,baseline,short,e2e_latency_ms,median,5516.3568780000005,5836.176178,-319.8192999999992,-5.47994594826639
202,4,seed202-rep4,aged_short_prompt,baseline,medium,ttft_ms,mean,57.164813,88.720812,-31.555998999999993,-35.56775269369716
202,4,seed202-rep4,aged_short_prompt,baseline,medium,ttft_ms,median,60.440503500000005,66.3046315,-5.864127999999994,-8.844220784184577
202,4,seed202-rep4,aged_short_prompt,baseline,medium,queue_wait_ms,mean,24.0980298,49.3336041,-25.235574300000003,-51.15291039520869
202,4,seed202-rep4,aged_short_prompt,baseline,medium,queue_wait_ms,median,26.255899499999998,26.5770805,-0.3211810000000028,-1.2084886449435364
202,4,seed202-rep4,aged_short_prompt,baseline,medium,e2e_latency_ms,mean,10101.97026755,9630.453715849999,471.5165517000005,4.896099037618226
202,4,seed202-rep4,aged_short_prompt,baseline,medium,e2e_latency_ms,median,10322.119591,9949.640824999999,372.478766000002,3.7436403238204536
202,4,seed202-rep4,aged_short_prompt,baseline,long,ttft_ms,mean,128.65711955,122.917804,5.739315550000001,4.669230463961105
202,4,seed202-rep4,aged_short_prompt,baseline,long,ttft_ms,median,84.4490175,75.83741599999999,8.611601500000006,11.355346680060943
202,4,seed202-rep4,aged_short_prompt,baseline,long,ttft_ms,p90,101.791476,115.443948,-13.652472000000003,-11.826061250088227
202,4,seed202-rep4,aged_short_prompt,baseline,long,ttft_ms,p95,413.113734,150.308919,262.804815,174.84312757248958
202,4,seed202-rep4,aged_short_prompt,baseline,long,ttft_ms,max,761.804816,945.53216,-183.72734400000002,-19.431104701927858
202,4,seed202-rep4,aged_short_prompt,baseline,long,queue_wait_ms,mean,94.2494693,81.72608375,12.52338555,15.323609030758188
202,4,seed202-rep4,aged_short_prompt,baseline,long,queue_wait_ms,median,51.058608,29.6223785,21.4362295,72.36498412846895
202,4,seed202-rep4,aged_short_prompt,baseline,long,queue_wait_ms,p90,62.479209,60.785696,1.6935129999999958,2.786038675941122
202,4,seed202-rep4,aged_short_prompt,baseline,long,queue_wait_ms,p95,381.211506,111.046268,270.165238,243.29069573054
202,4,seed202-rep4,aged_short_prompt,baseline,long,queue_wait_ms,max,731.324884,907.706963,-176.38207899999998,-19.431610221106123
202,4,seed202-rep4,aged_short_prompt,baseline,long,e2e_latency_ms,mean,10242.541723400002,9618.33320545,624.2085179500009,6.48977847426109
202,4,seed202-rep4,aged_short_prompt,baseline,long,e2e_latency_ms,median,10487.0852725,10097.8047375,389.2805349999999,3.855100639392809
202,4,seed202-rep4,aged_short_prompt,baseline,long,e2e_latency_ms,p90,14783.975788,13535.941072,1248.0347160000001,9.220154766938544
202,4,seed202-rep4,aged_short_prompt,baseline,long,e2e_latency_ms,p95,15949.412156,14126.742437,1822.6697189999995,12.90226481532049
202,4,seed202-rep4,aged_short_prompt,baseline,long,e2e_latency_ms,max,16269.0128,14677.436115,1591.576685,10.843696899988176
202,4,seed202-rep4,aged_short_prompt,short_prompt,overall,ttft_ms,mean,79.85361363333332,57.11510941666667,22.738504216666655,39.811714358777664
202,4,seed202-rep4,aged_short_prompt,short_prompt,overall,ttft_ms,median,62.707416,57.6680875,5.039328500000003,8.738504636554843
202,4,seed202-rep4,aged_short_prompt,short_prompt,overall,queue_wait_ms,mean,44.630033166666664,23.5065427,21.123490466666663,89.8621746985645
202,4,seed202-rep4,aged_short_prompt,short_prompt,overall,queue_wait_ms,median,26.5879125,23.1994245,3.3884880000000024,14.605914038945242
202,4,seed202-rep4,aged_short_prompt,short_prompt,overall,e2e_latency_ms,mean,8965.311373800001,7531.281425133333,1434.0299486666681,19.04098210805182
202,4,seed202-rep4,aged_short_prompt,short_prompt,overall,e2e_latency_ms,median,9063.45611,7623.717279500001,1439.7388304999986,18.88499766867566
202,4,seed202-rep4,aged_short_prompt,short_prompt,short,ttft_ms,mean,53.738908349999996,44.067321449999994,9.671586900000001,21.947299227101087
202,4,seed202-rep4,aged_short_prompt,short_prompt,short,ttft_ms,median,44.252091,36.9212905,7.330800500000002,19.85521199482451
202,4,seed202-rep4,aged_short_prompt,short_prompt,short,queue_wait_ms,mean,15.542600400000001,12.67632665,2.8662737500000013,22.61123296313922
202,4,seed202-rep4,aged_short_prompt,short_prompt,short,queue_wait_ms,median,0.0350815,0.0312085,0.0038730000000000014,12.410080587019566
202,4,seed202-rep4,aged_short_prompt,short_prompt,short,e2e_latency_ms,mean,6551.422130450001,5451.7642208,1099.6579096500009,20.170679895775745
202,4,seed202-rep4,aged_short_prompt,short_prompt,short,e2e_latency_ms,median,5516.3568780000005,4587.2892465,929.0676315000001,20.2530858983627
202,4,seed202-rep4,aged_short_prompt,short_prompt,medium,ttft_ms,mean,57.164813,55.56999605,1.594816950000002,2.869924533672883
202,4,seed202-rep4,aged_short_prompt,short_prompt,medium,ttft_ms,median,60.440503500000005,55.7839605,4.656543000000006,8.347458585340146
202,4,seed202-rep4,aged_short_prompt,short_prompt,medium,queue_wait_ms,mean,24.0980298,19.74800685,4.35002295,22.027655666931267
202,4,seed202-rep4,aged_short_prompt,short_prompt,medium,queue_wait_ms,median,26.255899499999998,22.9780785,3.2778209999999994,14.264991739844564
202,4,seed202-rep4,aged_short_prompt,short_prompt,medium,e2e_latency_ms,mean,10101.97026755,8504.67176635,1597.298501199999,18.781424434508434
202,4,seed202-rep4,aged_short_prompt,short_prompt,medium,e2e_latency_ms,median,10322.119591,8720.510395,1601.6091960000012,18.366002945404453
202,4,seed202-rep4,aged_short_prompt,short_prompt,long,ttft_ms,mean,128.65711955,71.70801075,56.949108800000005,79.41805692887667
202,4,seed202-rep4,aged_short_prompt,short_prompt,long,ttft_ms,median,84.4490175,78.10402350000001,6.344993999999986,8.12377354669825
202,4,seed202-rep4,aged_short_prompt,short_prompt,long,ttft_ms,p90,101.791476,85.902383,15.889093000000003,18.49668477765047
202,4,seed202-rep4,aged_short_prompt,short_prompt,long,ttft_ms,p95,413.113734,89.140391,323.973343,363.4416894132762
202,4,seed202-rep4,aged_short_prompt,short_prompt,long,ttft_ms,max,761.804816,92.646367,669.158449,722.2716558329804
202,4,seed202-rep4,aged_short_prompt,short_prompt,long,queue_wait_ms,mean,94.2494693,38.0952946,56.1541747,147.40448994979027
202,4,seed202-rep4,aged_short_prompt,short_prompt,long,queue_wait_ms,median,51.058608,45.501587,5.557020999999999,12.21280699506151
202,4,seed202-rep4,aged_short_prompt,short_prompt,long,queue_wait_ms,p90,62.479209,49.080821,13.398387999999997,27.29862240894462
202,4,seed202-rep4,aged_short_prompt,short_prompt,long,queue_wait_ms,p95,381.211506,50.066142,331.145364,661.4157807485944
202,4,seed202-rep4,aged_short_prompt,short_prompt,long,queue_wait_ms,max,731.324884,55.877791,675.447093,1208.7934775374351
202,4,seed202-rep4,aged_short_prompt,short_prompt,long,e2e_latency_ms,mean,10242.541723400002,8637.40828825,1605.1334351500009,18.583507709523964
202,4,seed202-rep4,aged_short_prompt,short_prompt,long,e2e_latency_ms,median,10487.0852725,8843.3634795,1643.7217930000006,18.587065846726183
202,4,seed202-rep4,aged_short_prompt,short_prompt,long,e2e_latency_ms,p90,14783.975788,12525.905922,2258.069866,18.027198033110054
202,4,seed202-rep4,aged_short_prompt,short_prompt,long,e2e_latency_ms,p95,15949.412156,13505.189092,2444.223064,18.098399417805055
202,4,seed202-rep4,aged_short_prompt,short_prompt,long,e2e_latency_ms,max,16269.0128,13806.941423,2462.071377,17.83212734500786
303,0,seed303-rep0,short_prompt,baseline,overall,ttft_ms,mean,79.87150573333334,87.26020815,-7.388702416666661,-8.467436158260712
303,0,seed303-rep0,short_prompt,baseline,overall,ttft_ms,median,66.5889945,66.883633,-0.2946385000000049,-0.44052406662778754
303,0,seed303-rep0,short_prompt,baseline,overall,queue_wait_ms,mean,41.709425450000005,49.865162000000005,-8.15573655,-16.35558017439109
303,0,seed303-rep0,short_prompt,baseline,overall,queue_wait_ms,median,25.911245,27.778626,-1.8673809999999982,-6.722366325821868
303,0,seed303-rep0,short_prompt,baseline,overall,e2e_latency_ms,mean,8895.895884533333,9187.127744483332,-291.2318599499995,-3.169999025265299
303,0,seed303-rep0,short_prompt,baseline,overall,e2e_latency_ms,median,9011.178681500001,9318.009320000001,-306.8306384999996,-3.292877566042181
303,0,seed303-rep0,short_prompt,baseline,short,ttft_ms,mean,58.708723799999994,122.68002435000001,-63.97130055000002,-52.14483848445699
303,0,seed303-rep0,short_prompt,baseline,short,ttft_ms,median,41.715438000000006,60.6612725,-18.945834499999997,-31.232174531122794
303,0,seed303-rep0,short_prompt,baseline,short,queue_wait_ms,mean,21.435265649999998,86.43377385,-64.9985082,-75.20035896245899
303,0,seed303-rep0,short_prompt,baseline,short,queue_wait_ms,median,0.0284085,26.9050065,-26.876597999999998,-99.89441184487356
303,0,seed303-rep0,short_prompt,baseline,short,e2e_latency_ms,mean,9558.19740895,10111.8692976,-553.6718886500003,-5.475465241440684
303,0,seed303-rep0,short_prompt,baseline,short,e2e_latency_ms,median,9403.280012,9892.837940000001,-489.557928000002,-4.948609599885975
303,0,seed303-rep0,short_prompt,baseline,medium,ttft_ms,mean,66.02859099999999,66.42340505,-0.3948140500000079,-0.5943899589351268
303,0,seed303-rep0,short_prompt,baseline,medium,ttft_ms,median,66.942361,71.377414,-4.435052999999996,-6.213524350994274
303,0,seed303-rep0,short_prompt,baseline,medium,queue_wait_ms,mean,28.67799655,29.9580964,-1.2800998499999992,-4.272967924624207
303,0,seed303-rep0,short_prompt,baseline,medium,queue_wait_ms,median,25.6790795,28.7451355,-3.0660559999999997,-10.666347354668062
303,0,seed303-rep0,short_prompt,baseline,medium,e2e_latency_ms,mean,8439.540451550001,8715.16518755,-275.62473599999794,-3.162587628215471
303,0,seed303-rep0,short_prompt,baseline,medium,e2e_latency_ms,median,9874.392759,10051.288573000002,-176.89581400000134,-1.7599317014455527
303,0,seed303-rep0,short_prompt,baseline,long,ttft_ms,mean,114.87720240000002,72.67719505,42.20000735000002,58.06499180515639
303,0,seed303-rep0,short_prompt,baseline,long,ttft_ms,median,92.6054625,69.46696299999999,23.13849950000001,33.308638381096365
303,0,seed303-rep0,short_prompt,baseline,long,ttft_ms,p90,96.018717,101.460381,-5.441664000000003,-5.36333881892283
303,0,seed303-rep0,short_prompt,baseline,long,ttft_ms,p95,103.303706,108.221945,-4.918239,-4.544585666058764
303,0,seed303-rep0,short_prompt,baseline,long,ttft_ms,max,716.817109,174.137997,542.6791119999999,311.63739180943946
303,0,seed303-rep0,short_prompt,baseline,long,queue_wait_ms,mean,75.01501415,33.20361575,41.8113984,125.92423281491565
303,0,seed303-rep0,short_prompt,baseline,long,queue_wait_ms,median,51.9154075,27.4142195,24.501188,89.37401263603363
303,0,seed303-rep0,short_prompt,baseline,long,queue_wait_ms,p90,55.293708,60.769674,-5.475966,-9.011017567742751
303,0,seed303-rep0,short_prompt,baseline,long,queue_wait_ms,p95,55.668528,61.266781,-5.598253,-9.137501446338431
303,0,seed303-rep0,short_prompt,baseline,long,queue_wait_ms,max,680.436548,126.253637,554.182911,438.9441161207895
303,0,seed303-rep0,short_prompt,baseline,long,e2e_latency_ms,mean,8689.9497931,8734.3487483,-44.39895520000027,-0.5083258807205495
303,0,seed303-rep0,short_prompt,baseline,long,e2e_latency_ms,median,8106.877437,8187.8983345,-81.02089749999959,-0.9895200720631223
303,0,seed303-rep0,short_prompt,baseline,long,e2e_latency_ms,p90,12562.64336,12966.455698,-403.8123379999997,-3.1142846388029186
303,0,seed303-rep0,short_prompt,baseline,long,e2e_latency_ms,p95,14692.339467,14489.130026,203.20944099999906,1.4024958064103927
303,0,seed303-rep0,short_prompt,baseline,long,e2e_latency_ms,max,16162.195418,15962.449099,199.74631899999986,1.2513513293678311
303,0,seed303-rep0,aged_short_prompt,baseline,overall,ttft_ms,mean,106.61955549999999,87.26020815,19.359347349999993,22.18576801549836
303,0,seed303-rep0,aged_short_prompt,baseline,overall,ttft_ms,median,68.908316,66.883633,2.024682999999996,3.0271725819678426
303,0,seed303-rep0,aged_short_prompt,baseline,overall,queue_wait_ms,mean,66.05948871666666,49.865162000000005,16.19432671666666,32.47623404224909
303,0,seed303-rep0,aged_short_prompt,baseline,overall,queue_wait_ms,median,28.514878,27.778626,0.7362520000000004,2.650426266583525
303,0,seed303-rep0,aged_short_prompt,baseline,overall,e2e_latency_ms,mean,9850.594642516666,9187.127744483332,663.4668980333336,7.221701020013908
303,0,seed303-rep0,aged_short_prompt,baseline,overall,e2e_latency_ms,median,9974.4865685,9318.009320000001,656.4772484999994,7.04525211292662
303,0,seed303-rep0,aged_short_prompt,baseline,short,ttft_ms,mean,101.60842695,122.68002435000001,-21.071597400000016,-17.176062290209362
303,0,seed303-rep0,aged_short_prompt,baseline,short,ttft_ms,median,45.984162,60.6612725,-14.677110500000005,-24.195190597098016
303,0,seed303-rep0,aged_short_prompt,baseline,short,queue_wait_ms,mean,60.037816,86.43377385,-26.395957849999995,-30.538939437966004
303,0,seed303-rep0,aged_short_prompt,baseline,short,queue_wait_ms,median,0.034142500000000006,26.9050065,-26.870863999999997,-99.87309982623493
303,0,seed303-rep0,aged_short_prompt,baseline,short,e2e_latency_ms,mean,10592.2755099,10111.8692976,480.40621230000033,4.750913981987705
303,0,seed303-rep0,aged_short_prompt,baseline,short,e2e_latency_ms,median,10430.0085265,9892.837940000001,537.1705864999985,5.429893724712107
303,0,seed303-rep0,aged_short_prompt,baseline,medium,ttft_ms,mean,80.8237253,66.42340505,14.400320250000007,21.679587547732933
303,0,seed303-rep0,aged_short_prompt,baseline,medium,ttft_ms,median,69.453593,71.377414,-1.9238210000000038,-2.6952797701525077
303,0,seed303-rep0,aged_short_prompt,baseline,medium,queue_wait_ms,mean,39.7741115,29.9580964,9.816015099999998,32.76581718990663
303,0,seed303-rep0,aged_short_prompt,baseline,medium,queue_wait_ms,median,28.107235,28.7451355,-0.6379005000000006,-2.219159829669269
303,0,seed303-rep0,aged_short_prompt,baseline,medium,e2e_latency_ms,mean,9339.767781999999,8715.16518755,624.6025944499997,7.166847455080625
303,0,seed303-rep0,aged_short_prompt,baseline,medium,e2e_latency_ms,median,10950.077766,10051.288573000002,898.7891929999987,8.942029536534713
303,0,seed303-rep0,aged_short_prompt,baseline,long,ttft_ms,mean,137.42651425,72.67719505,64.7493192,89.091659571416
303,0,seed303-rep0,aged_short_prompt,baseline,long,ttft_ms,median,92.785023,69.46696299999999,23.318060000000003,33.56712168343966
303,0,seed303-rep0,aged_short_prompt,baseline,long,ttft_ms,p90,105.831466,101.460381,4.371085000000008,4.308169313892098
303,0,seed303-rep0,aged_short_prompt,baseline,long,ttft_ms,p95,123.37121,108.221945,15.149265,13.99833000598908
303,0,seed303-rep0,aged_short_prompt,baseline,long,ttft_ms,max,1127.268955,174.137997,953.130958,547.3423229968586
303,0,seed303-rep0,aged_short_prompt,baseline,long,queue_wait_ms,mean,98.36653865,33.20361575,65.1629229,196.25249066436388
303,0,seed303-rep0,aged_short_prompt,baseline,long,queue_wait_ms,median,54.985048,27.4142195,27.570828499999998,100.57126922763567
303,0,seed303-rep0,aged_short_prompt,baseline,long,queue_wait_ms,p90,59.293786,60.769674,-1.4758880000000048,-2.4286587418586527
303,0,seed303-rep0,aged_short_prompt,baseline,long,queue_wait_ms,p95,64.508181,61.266781,3.2413999999999916,5.290632129016198
303,0,seed303-rep0,aged_short_prompt,baseline,long,queue_wait_ms,max,1095.858558,126.253637,969.6049209999999,767.9817738636709
303,0,seed303-rep0,aged_short_prompt,baseline,long,e2e_latency_ms,mean,9619.74063565,8734.3487483,885.3918873499988,10.136896440302158
303,0,seed303-rep0,aged_short_prompt,baseline,long,e2e_latency_ms,median,8963.6775425,8187.8983345,775.7792079999999,9.474704940231447
303,0,seed303-rep0,aged_short_prompt,baseline,long,e2e_latency_ms,p90,13888.390224,12966.455698,921.9345260000009,7.1101505875827264
303,0,seed303-rep0,aged_short_prompt,baseline,long,e2e_latency_ms,p95,16265.743869,14489.130026,1776.6138429999992,12.261701287875509
303,0,seed303-rep0,aged_short_prompt,baseline,long,e2e_latency_ms,max,17981.975359,15962.449099,2019.5262600000005,12.651731870684667
303,0,seed303-rep0,aged_short_prompt,short_prompt,overall,ttft_ms,mean,106.61955549999999,79.87150573333334,26.748049766666654,33.48885127566051
303,0,seed303-rep0,aged_short_prompt,short_prompt,overall,ttft_ms,median,68.908316,66.5889945,2.319321500000001,3.483040279276181
303,0,seed303-rep0,aged_short_prompt,short_prompt,overall,queue_wait_ms,mean,66.05948871666666,41.709425450000005,24.35006326666666,58.38024140576277
303,0,seed303-rep0,aged_short_prompt,short_prompt,overall,queue_wait_ms,median,28.514878,25.911245,2.6036329999999985,10.048274407501449
303,0,seed303-rep0,aged_short_prompt,short_prompt,overall,e2e_latency_ms,mean,9850.594642516666,8895.895884533333,954.698757983333,10.731901208996842
303,0,seed303-rep0,aged_short_prompt,short_prompt,overall,e2e_latency_ms,median,9974.4865685,9011.178681500001,963.307886999999,10.690142999579793
303,0,seed303-rep0,aged_short_prompt,short_prompt,short,ttft_ms,mean,101.60842695,58.708723799999994,42.89970315,73.07210985567363
303,0,seed303-rep0,aged_short_prompt,short_prompt,short,ttft_ms,median,45.984162,41.715438000000006,4.268723999999992,10.23295979776118
303,0,seed303-rep0,aged_short_prompt,short_prompt,short,queue_wait_ms,mean,60.037816,21.435265649999998,38.60255035,180.08897571092152
303,0,seed303-rep0,aged_short_prompt,short_prompt,short,queue_wait_ms,median,0.034142500000000006,0.0284085,0.0057340000000000065,20.184099829276473
303,0,seed303-rep0,aged_short_prompt,short_prompt,short,e2e_latency_ms,mean,10592.2755099,9558.19740895,1034.0781009500006,10.818756473702058
303,0,seed303-rep0,aged_short_prompt,short_prompt,short,e2e_latency_ms,median,10430.0085265,9403.280012,1026.7285145000005,10.918833781294829
303,0,seed303-rep0,aged_short_prompt,short_prompt,medium,ttft_ms,mean,80.8237253,66.02859099999999,14.795134300000015,22.407163436215104
303,0,seed303-rep0,aged_short_prompt,short_prompt,medium,ttft_ms,median,69.453593,66.942361,2.5112319999999926,3.7513346743177944
303,0,seed303-rep0,aged_short_prompt,short_prompt,medium,queue_wait_ms,mean,39.7741115,28.67799655,11.096114949999997,38.69208551808685
303,0,seed303-rep0,aged_short_prompt,short_prompt,medium,queue_wait_ms,median,28.107235,25.6790795,2.428155499999999,9.455773132366366
303,0,seed303-rep0,aged_short_prompt,short_prompt,medium,e2e_latency_ms,mean,9339.767781999999,8439.540451550001,900.2273304499977,10.666781391925936
303,0,seed303-rep0,aged_short_prompt,short_prompt,medium,e2e_latency_ms,median,10950.077766,9874.392759,1075.685007,10.893682611718766
303,0,seed303-rep0,aged_short_prompt,short_prompt,long,ttft_ms,mean,137.42651425,114.87720240000002,22.54931184999998,19.629057270635602
303,0,seed303-rep0,aged_short_prompt,short_prompt,long,ttft_ms,median,92.785023,92.6054625,0.1795604999999938,0.19389838909340126
303,0,seed303-rep0,aged_short_prompt,short_prompt,long,ttft_ms,p90,105.831466,96.018717,9.81274900000001,10.219621034928025
303,0,seed303-rep0,aged_short_prompt,short_prompt,long,ttft_ms,p95,123.37121,103.303706,20.067504,19.425734832785185
303,0,seed303-rep0,aged_short_prompt,short_prompt,long,ttft_ms,max,1127.268955,716.817109,410.45184600000005,57.260330542696366
303,0,seed303-rep0,aged_short_prompt,short_prompt,long,queue_wait_ms,mean,98.36653865,75.01501415,23.351524499999996,31.129134300109968
303,0,seed303-rep0,aged_short_prompt,short_prompt,long,queue_wait_ms,median,54.985048,51.9154075,3.0696404999999984,5.912773582678703
303,0,seed303-rep0,aged_short_prompt,short_prompt,long,queue_wait_ms,p90,59.293786,55.293708,4.000077999999995,7.234237211944612
303,0,seed303-rep0,aged_short_prompt,short_prompt,long,queue_wait_ms,p95,64.508181,55.668528,8.839652999999991,15.879085216695493
303,0,seed303-rep0,aged_short_prompt,short_prompt,long,queue_wait_ms,max,1095.858558,680.436548,415.4220099999999,61.05227757401413
303,0,seed303-rep0,aged_short_prompt,short_prompt,long,e2e_latency_ms,mean,9619.74063565,8689.9497931,929.7908425499991,10.699611213959741
303,0,seed303-rep0,aged_short_prompt,short_prompt,long,e2e_latency_ms,median,8963.6775425,8106.877437,856.8001054999995,10.568805463735536
303,0,seed303-rep0,aged_short_prompt,short_prompt,long,e2e_latency_ms,p90,13888.390224,12562.64336,1325.7468640000006,10.553088438546588
303,0,seed303-rep0,aged_short_prompt,short_prompt,long,e2e_latency_ms,p95,16265.743869,14692.339467,1573.4044020000001,10.709012036741829
303,0,seed303-rep0,aged_short_prompt,short_prompt,long,e2e_latency_ms,max,17981.975359,16162.195418,1819.7799410000007,11.259484828238703
303,1,seed303-rep1,short_prompt,baseline,overall,ttft_ms,mean,88.93909015,97.18309649999999,-8.244006349999992,-8.482963238365217
303,1,seed303-rep1,short_prompt,baseline,overall,ttft_ms,median,67.74476250000001,69.4617935,-1.7170309999999915,-2.4719070923499715
303,1,seed303-rep1,short_prompt,baseline,overall,queue_wait_ms,mean,50.30801006666666,57.425701733333334,-7.117691666666673,-12.394609820736655
303,1,seed303-rep1,short_prompt,baseline,overall,queue_wait_ms,median,26.149093999999998,28.881069500000002,-2.7319755000000043,-9.45939865557958
303,1,seed303-rep1,short_prompt,baseline,overall,e2e_latency_ms,mean,9182.089371066666,9516.186450433333,-334.09707936666746,-3.5108294809782112
303,1,seed303-rep1,short_prompt,baseline,overall,e2e_latency_ms,median,9327.70159,9625.1143935,-297.4128034999994,-3.0899664288753517
303,1,seed303-rep1,short_prompt,baseline,short,ttft_ms,mean,76.02738339999999,143.88906415,-67.86168075,-47.16250060481056
303,1,seed303-rep1,short_prompt,baseline,short,ttft_ms,median,42.926075499999996,66.96029999999999,-24.034224499999993,-35.89324495260624
303,1,seed303-rep1,short_prompt,baseline,short,queue_wait_ms,mean,36.84942075,103.33410214999999,-66.4846814,-64.3395355615426
303,1,seed303-rep1,short_prompt,baseline,short,queue_wait_ms,median,0.0291615,29.016393,-28.9872315,-99.89949991372117
303,1,seed303-rep1,short_prompt,baseline,short,e2e_latency_ms,mean,9862.47621495,10477.1288716,-614.6526566499997,-5.866613498628598
303,1,seed303-rep1,short_prompt,baseline,short,e2e_latency_ms,median,9724.982972000002,10218.197583500001,-493.2146114999996,-4.8268259394046735
303,1,seed303-rep1,short_prompt,baseline,medium,ttft_ms,mean,64.82110370000001,69.7887911,-4.967687399999988,-7.118173737788085
303,1,seed303-rep1,short_prompt,baseline,medium,ttft_ms,median,62.197728,74.7694005,-12.571672500000005,-16.81392710912535
303,1,seed303-rep1,short_prompt,baseline,medium,queue_wait_ms,mean,29.187534699999997,31.2536231,-2.0660884000000017,-6.610716438824661
303,1,seed303-rep1,short_prompt,baseline,medium,queue_wait_ms,median,26.02982,29.948931,-3.919111000000001,-13.085979596400287
303,1,seed303-rep1,short_prompt,baseline,medium,e2e_latency_ms,mean,8705.1450019,9032.33124485,-327.1862429499997,-3.6223897693804443
303,1,seed303-rep1,short_prompt,baseline,medium,e2e_latency_ms,median,10202.2787185,10390.0745365,-187.7958180000005,-1.8074540018002738
303,1,seed303-rep1,short_prompt,baseline,long,ttft_ms,mean,125.96878335,77.87143425000001,48.09734909999999,61.765074142062545
303,1,seed303-rep1,short_prompt,baseline,long,ttft_ms,median,90.8346305,69.32115300000001,21.513477499999993,31.034506162931237
303,1,seed303-rep1,short_prompt,baseline,long,ttft_ms,p90,104.021211,102.561628,1.459582999999995,1.42312776080348
303,1,seed303-rep1,short_prompt,baseline,long,ttft_ms,p95,107.197414,105.332068,1.8653459999999882,1.770919374715009
303,1,seed303-rep1,short_prompt,baseline,long,ttft_ms,max,888.847681,265.360702,623.486979,234.95829423906181
303,1,seed303-rep1,short_prompt,baseline,long,queue_wait_ms,mean,84.88707475,37.68937995,47.197694799999994,125.2281010263741
303,1,seed303-rep1,short_prompt,baseline,long,queue_wait_ms,median,53.578687,28.001799,25.576888000000004,91.34015996615076
303,1,seed303-rep1,short_prompt,baseline,long,queue_wait_ms,p90,57.192147,58.751146,-1.558999,-2.6535635577219208
303,1,seed303-rep1,short_prompt,baseline,long,queue_wait_ms,p95,63.206025,58.820655,4.385369999999995,7.455493312680715
303,1,seed303-rep1,short_prompt,baseline,long,queue_wait_ms,max,851.731511,221.287582,630.443929,284.8980151990635
303,1,seed303-rep1,short_prompt,baseline,long,e2e_latency_ms,mean,8978.64689635,9039.09923485,-60.45233850000113,-0.6687871980310692
303,1,seed303-rep1,short_prompt,baseline,long,e2e_latency_ms,median,8405.6922885,8487.1258345,-81.4335460000002,-0.9594949761316656
303,1,seed303-rep1,short_prompt,baseline,long,e2e_latency_ms,p90,12933.667682,13443.670527,-510.0028450000009,-3.793627967717011
303,1,seed303-rep1,short_prompt,baseline,long,e2e_latency_ms,p95,15098.59789,15071.577969,27.019920999999158,0.17927731957181342
303,1,seed303-rep1,short_prompt,baseline,long,e2e_latency_ms,max,16574.752638,16612.171498,-37.41885999999795,-0.22524966109640118
303,1,seed303-rep1,aged_short_prompt,baseline,overall,ttft_ms,mean,76.93479821666666,97.18309649999999,-20.248298283333327,-20.835205928361553
303,1,seed303-rep1,aged_short_prompt,baseline,overall,ttft_ms,median,60.419626,69.4617935,-9.042167499999998,-13.017469092559493
303,1,seed303-rep1,aged_short_prompt,baseline,overall,queue_wait_ms,mean,42.33479916666667,57.425701733333334,-15.090902566666664,-26.279004193529943
303,1,seed303-rep1,aged_short_prompt,baseline,overall,queue_wait_ms,median,25.744374999999998,28.881069500000002,-3.1366945000000044,-10.86072833971749
303,1,seed303-rep1,aged_short_prompt,baseline,overall,e2e_latency_ms,mean,8910.947357966668,9516.186450433333,-605.2390924666652,-6.360101240335667
303,1,seed303-rep1,aged_short_prompt,baseline,overall,e2e_latency_ms,median,9038.0006645,9625.1143935,-587.1137290000006,-6.099810402217019
303,1,seed303-rep1,aged_short_prompt,baseline,short,ttft_ms,mean,56.4317088,143.88906415,-87.45735535,-60.78109956905992
303,1,seed303-rep1,aged_short_prompt,baseline,short,ttft_ms,median,34.993742499999996,66.96029999999999,-31.966557499999993,-47.73956732571389
303,1,seed303-rep1,aged_short_prompt,baseline,short,queue_wait_ms,mean,22.8955752,103.33410214999999,-80.43852695,-77.84315659242412
303,1,seed303-rep1,aged_short_prompt,baseline,short,queue_wait_ms,median,0.0290165,29.016393,-28.9873765,-99.89999963124293
303,1,seed303-rep1,aged_short_prompt,baseline,short,e2e_latency_ms,mean,9575.84330235,10477.1288716,-901.2855692499998,-8.602409880564553
303,1,seed303-rep1,aged_short_prompt,baseline,short,e2e_latency_ms,median,9421.6702095,10218.197583500001,-796.5273740000011,-7.795184693690074
303,1,seed303-rep1,aged_short_prompt,baseline,medium,ttft_ms,mean,63.57094500000001,69.7887911,-6.2178460999999885,-8.909519712256468
303,1,seed303-rep1,aged_short_prompt,baseline,medium,ttft_ms,median,61.4168015,74.7694005,-13.352599000000005,-17.858373760800724
303,1,seed303-rep1,aged_short_prompt,baseline,medium,queue_wait_ms,mean,29.5749254,31.2536231,-1.6786976999999972,-5.371209906220432
303,1,seed303-rep1,aged_short_prompt,baseline,medium,queue_wait_ms,median,26.780999,29.948931,-3.1679320000000004,-10.57777988803674
303,1,seed303-rep1,aged_short_prompt,baseline,medium,e2e_latency_ms,mean,8447.1323918,9032.33124485,-585.1988530500003,-6.478934808592913
303,1,seed303-rep1,aged_short_prompt,baseline,medium,e2e_latency_ms,median,9908.159480499999,10390.0745365,-481.91505600000164,-4.63822520528654
303,1,seed303-rep1,aged_short_prompt,baseline,long,ttft_ms,mean,110.80174084999999,77.87143425000001,32.93030659999998,42.28804428370982
303,1,seed303-rep1,aged_short_prompt,baseline,long,ttft_ms,median,84.397369,69.32115300000001,15.076215999999988,21.748363014100452
303,1,seed303-rep1,aged_short_prompt,baseline,long,ttft_ms,p90,95.775223,102.561628,-6.786405000000002,-6.616904521055382
303,1,seed303-rep1,aged_short_prompt,baseline,long,ttft_ms,p95,102.315128,105.332068,-3.0169400000000053,-2.86421795117514
303,1,seed303-rep1,aged_short_prompt,baseline,long,ttft_ms,max,718.15969,265.360702,452.79898799999995,170.63528419517067
303,1,seed303-rep1,aged_short_prompt,baseline,long,queue_wait_ms,mean,74.5338969,37.68937995,36.84451695,97.75835261519073
303,1,seed303-rep1,aged_short_prompt,baseline,long,queue_wait_ms,median,50.885917,28.001799,22.884118,81.7237421067125
303,1,seed303-rep1,aged_short_prompt,baseline,long,queue_wait_ms,p90,54.161214,58.751146,-4.5899319999999975,-7.8124978191914725
303,1,seed303-rep1,aged_short_prompt,baseline,long,queue_wait_ms,p95,56.871797,58.820655,-1.9488580000000013,-3.31322050051976
303,1,seed303-rep1,aged_short_prompt,baseline,long,queue_wait_ms,max,685.230578,221.287582,463.94299600000005,209.65613696298607
303,1,seed303-rep1,aged_short_prompt,baseline,long,e2e_latency_ms,mean,8709.866379750001,9039.09923485,-329.23285509999914,-3.6423192902966575
303,1,seed303-rep1,aged_short_prompt,baseline,long,e2e_latency_ms,median,8128.720080000001,8487.1258345,-358.4057544999996,-4.222934377184409
303,1,seed303-rep1,aged_short_prompt,baseline,long,e2e_latency_ms,p90,12556.242824,13443.670527,-887.4277029999994,-6.601081908528681
303,1,seed303-rep1,aged_short_prompt,baseline,long,e2e_latency_ms,p95,14728.453206,15071.577969,-343.1247629999998,-2.2766346278124066
303,1,seed303-rep1,aged_short_prompt,baseline,long,e2e_latency_ms,max,16152.047938,16612.171498,-460.12356,-2.7697977958835542
303,1,seed303-rep1,aged_short_prompt,short_prompt,overall,ttft_ms,mean,76.93479821666666,88.93909015,-12.004291933333334,-13.497205686596889
303,1,seed303-rep1,aged_short_prompt,short_prompt,overall,ttft_ms,median,60.419626,67.74476250000001,-7.325136500000006,-10.812845494882362
303,1,seed303-rep1,aged_short_prompt,short_prompt,overall,queue_wait_ms,mean,42.33479916666667,50.30801006666666,-7.973210899999991,-15.848790062326321
303,1,seed303-rep1,aged_short_prompt,short_prompt,overall,queue_wait_ms,median,25.744374999999998,26.149093999999998,-0.40471900000000005,-1.5477362236718415
303,1,seed303-rep1,aged_short_prompt,short_prompt,overall,e2e_latency_ms,mean,8910.947357966668,9182.089371066666,-271.1420130999977,-2.9529446092561793
303,1,seed303-rep1,aged_short_prompt,short_prompt,overall,e2e_latency_ms,median,9038.0006645,9327.70159,-289.7009255000012,-3.1058125381131663
303,1,seed303-rep1,aged_short_prompt,short_prompt,short,ttft_ms,mean,56.4317088,76.02738339999999,-19.595674599999988,-25.774495614168394
303,1,seed303-rep1,aged_short_prompt,short_prompt,short,ttft_ms,median,34.993742499999996,42.926075499999996,-7.932333,-18.47905476474317
303,1,seed303-rep1,aged_short_prompt,short_prompt,short,queue_wait_ms,mean,22.8955752,36.84942075,-13.95384555,-37.86720460185253
303,1,seed303-rep1,aged_short_prompt,short_prompt,short,queue_wait_ms,median,0.0290165,0.0291615,-0.0001449999999999993,-0.49723093805188107
303,1,seed303-rep1,aged_short_prompt,short_prompt,short,e2e_latency_ms,mean,9575.84330235,9862.47621495,-286.63291260000005,-2.906297631070669
303,1,seed303-rep1,aged_short_prompt,short_prompt,short,e2e_latency_ms,median,9421.6702095,9724.982972000002,-303.31276250000155,-3.1189027618176226
303,1,seed303-rep1,aged_short_prompt,short_prompt,medium,ttft_ms,mean,63.57094500000001,64.82110370000001,-1.2501587,-1.9286291479791633
303,1,seed303-rep1,aged_short_prompt,short_prompt,medium,ttft_ms,median,61.4168015,62.197728,-0.7809264999999996,-1.2555547045062476
303,1,seed303-rep1,aged_short_prompt,short_prompt,medium,queue_wait_ms,mean,29.5749254,29.187534699999997,0.38739070000000453,1.3272470730458936
303,1,seed303-rep1,aged_short_prompt,short_prompt,medium,queue_wait_ms,median,26.780999,26.02982,0.7511790000000005,2.885840163320378
303,1,seed303-rep1,aged_short_prompt,short_prompt,medium,e2e_latency_ms,mean,8447.1323918,8705.1450019,-258.01261010000053,-2.96390938971937
303,1,seed303-rep1,aged_short_prompt,short_prompt,medium,e2e_latency_ms,median,9908.159480499999,10202.2787185,-294.11923800000113,-2.8828778953732046
303,1,seed303-rep1,aged_short_prompt,short_prompt,long,ttft_ms,mean,110.80174084999999,125.96878335,-15.167042500000008,-12.04031832065798
303,1,seed303-rep1,aged_short_prompt,short_prompt,long,ttft_ms,median,84.397369,90.8346305,-6.437261500000005,-7.086792189901631
303,1,seed303-rep1,aged_short_prompt,short_prompt,long,ttft_ms,p90,95.775223,104.021211,-8.245987999999997,-7.927217844060667
303,1,seed303-rep1,aged_short_prompt,short_prompt,long,ttft_ms,p95,102.315128,107.197414,-4.8822859999999935,-4.554481137016975
303,1,seed303-rep1,aged_short_prompt,short_prompt,long,ttft_ms,max,718.15969,888.847681,-170.687991,-19.20328923038502
303,1,seed303-rep1,aged_short_prompt,short_prompt,long,queue_wait_ms,mean,74.5338969,84.88707475,-10.353177849999994,-12.196412563975171
303,1,seed303-rep1,aged_short_prompt,short_prompt,long,queue_wait_ms,median,50.885917,53.578687,-2.692770000000003,-5.025823047884698
303,1,seed303-rep1,aged_short_prompt,short_prompt,long,queue_wait_ms,p90,54.161214,57.192147,-3.0309329999999974,-5.2995614939932185
303,1,seed303-rep1,aged_short_prompt,short_prompt,long,queue_wait_ms,p95,56.871797,63.206025,-6.334227999999996,-10.02155728033838
303,1,seed303-rep1,aged_short_prompt,short_prompt,long,queue_wait_ms,max,685.230578,851.731511,-166.50093299999992,-19.548523313939004
303,1,seed303-rep1,aged_short_prompt,short_prompt,long,e2e_latency_ms,mean,8709.866379750001,8978.64689635,-268.780516599998,-2.9935525887454455
303,1,seed303-rep1,aged_short_prompt,short_prompt,long,e2e_latency_ms,median,8128.720080000001,8405.6922885,-276.9722084999994,-3.295055291030945
303,1,seed303-rep1,aged_short_prompt,short_prompt,long,e2e_latency_ms,p90,12556.242824,12933.667682,-377.4248579999985,-2.9181579987961723
303,1,seed303-rep1,aged_short_prompt,short_prompt,long,e2e_latency_ms,p95,14728.453206,15098.59789,-370.14468399999896,-2.451516933536926
303,1,seed303-rep1,aged_short_prompt,short_prompt,long,e2e_latency_ms,max,16152.047938,16574.752638,-422.70470000000205,-2.550292660361584
303,2,seed303-rep2,short_prompt,baseline,overall,ttft_ms,mean,84.25376336666666,95.76481770000001,-11.511054333333348,-12.020128696316984
303,2,seed303-rep2,short_prompt,baseline,overall,ttft_ms,median,61.426323499999995,65.1628665,-3.7365430000000117,-5.7341599605659015
303,2,seed303-rep2,short_prompt,baseline,overall,queue_wait_ms,mean,48.37007713333333,58.90579073333333,-10.535713600000001,-17.88570099618084
303,2,seed303-rep2,short_prompt,baseline,overall,queue_wait_ms,median,26.6419545,28.001925999999997,-1.3599714999999968,-4.856706999368533
303,2,seed303-rep2,short_prompt,baseline,overall,e2e_latency_ms,mean,9080.891759033335,9229.086589949999,-148.1948309166637,-1.6057367050607183
303,2,seed303-rep2,short_prompt,baseline,overall,e2e_latency_ms,median,9251.381591000001,9334.744977499999,-83.36338649999743,-0.8930440703086411
303,2,seed303-rep2,short_prompt,baseline,short,ttft_ms,mean,69.5326855,142.35993815,-72.82725265,-51.15712580126603
303,2,seed303-rep2,short_prompt,baseline,short,ttft_ms,median,37.457897,60.03828,-22.580382999999998,-37.6099765016586
303,2,seed303-rep2,short_prompt,baseline,short,queue_wait_ms,mean,33.9858713,106.42300735,-72.43713605,-68.06529701962985
303,2,seed303-rep2,short_prompt,baseline,short,queue_wait_ms,median,0.029644,27.728027,-27.698383,-99.89309012141396
303,2,seed303-rep2,short_prompt,baseline,short,e2e_latency_ms,mean,9759.20745345,10132.7224243,-373.5149708499994,-3.6862252335487513
303,2,seed303-rep2,short_prompt,baseline,short,e2e_latency_ms,median,9644.3737685,9876.7161815,-232.3424130000003,-2.3524257327065756
303,2,seed303-rep2,short_prompt,baseline,medium,ttft_ms,mean,64.54440650000001,66.35468130000001,-1.810274800000002,-2.7281794811363245
303,2,seed303-rep2,short_prompt,baseline,medium,ttft_ms,median,62.030037,68.75527199999999,-6.725234999999991,-9.781409925918105
303,2,seed303-rep2,short_prompt,baseline,medium,queue_wait_ms,mean,30.010776850000003,30.098231,-0.08745414999999568,-0.2905624254129609
303,2,seed303-rep2,short_prompt,baseline,medium,queue_wait_ms,median,26.8740015,27.9533785,-1.079377000000001,-3.861347207100569
303,2,seed303-rep2,short_prompt,baseline,medium,e2e_latency_ms,mean,8597.8258845,8751.061890699999,-153.23600619999888,-1.7510561359741625
303,2,seed303-rep2,short_prompt,baseline,medium,e2e_latency_ms,median,10126.736604500002,10061.9748,64.76180450000174,0.6436291661155994
303,2,seed303-rep2,short_prompt,baseline,long,ttft_ms,mean,118.6841981,78.57983365,40.104364450000006,51.036458830681184
303,2,seed303-rep2,short_prompt,baseline,long,ttft_ms,median,85.88542749999999,71.11597950000001,14.769447999999983,20.768114429190955
303,2,seed303-rep2,short_prompt,baseline,long,ttft_ms,p90,98.285298,105.217331,-6.932033000000004,-6.588299602467585
303,2,seed303-rep2,short_prompt,baseline,long,ttft_ms,p95,100.192272,119.771184,-19.578912000000003,-16.346930326747042
303,2,seed303-rep2,short_prompt,baseline,long,ttft_ms,max,863.080723,294.392332,568.688391,193.17364251185728
303,2,seed303-rep2,short_prompt,baseline,long,queue_wait_ms,mean,81.11358325,40.19613385,40.9174494,101.79448986982612
303,2,seed303-rep2,short_prompt,baseline,long,queue_wait_ms,median,52.020641499999996,28.001925999999997,24.0187155,85.7752266754794
303,2,seed303-rep2,short_prompt,baseline,long,queue_wait_ms,p90,53.285765,55.984966,-2.699201000000002,-4.821296131536459
303,2,seed303-rep2,short_prompt,baseline,long,queue_wait_ms,p95,54.805309,75.171602,-20.36629299999999,-27.09306767201794
303,2,seed303-rep2,short_prompt,baseline,long,queue_wait_ms,max,813.47313,260.535102,552.938028,212.23168154899912
303,2,seed303-rep2,short_prompt,baseline,long,e2e_latency_ms,mean,8885.64193915,8803.47545485,82.16648429999987,0.933341436815534
303,2,seed303-rep2,short_prompt,baseline,long,e2e_latency_ms,median,8357.3200995,8289.141699,68.17840050000086,0.822502533745151
303,2,seed303-rep2,short_prompt,baseline,long,e2e_latency_ms,p90,12756.734039,12915.281233,-158.54719399999885,-1.227593818049373
303,2,seed303-rep2,short_prompt,baseline,long,e2e_latency_ms,p95,14925.277289,14405.553684,519.7236049999992,3.6078002720384656
303,2,seed303-rep2,short_prompt,baseline,long,e2e_latency_ms,max,16340.39422,15902.639815,437.7544049999997,2.7527153358972036
303,2,seed303-rep2,aged_short_prompt,baseline,overall,ttft_ms,mean,81.51465320000001,95.76481770000001,-14.250164499999997,-14.880375530647509
303,2,seed303-rep2,aged_short_prompt,baseline,overall,ttft_ms,median,66.176199,65.1628665,1.01333249999999,1.555076617140515
303,2,seed303-rep2,aged_short_prompt,baseline,overall,queue_wait_ms,mean,42.92747658333334,58.90579073333333,-15.978314149999996,-27.125201021973997
303,2,seed303-rep2,aged_short_prompt,baseline,overall,queue_wait_ms,median,26.151388500000003,28.001925999999997,-1.8505374999999944,-6.608607922183619
303,2,seed303-rep2,aged_short_prompt,baseline,overall,e2e_latency_ms,mean,9065.072254266668,9229.086589949999,-164.0143356833305,-1.7771459188814382
303,2,seed303-rep2,aged_short_prompt,baseline,overall,e2e_latency_ms,median,9206.5302945,9334.744977499999,-128.21468299999833,-1.3735210046877615
303,2,seed303-rep2,aged_short_prompt,baseline,short,ttft_ms,mean,60.22152855,142.35993815,-82.1384096,-57.69769969515823
303,2,seed303-rep2,aged_short_prompt,baseline,short,ttft_ms,median,40.3336785,60.03828,-19.704601500000003,-32.82006329961485
303,2,seed303-rep2,aged_short_prompt,baseline,short,queue_wait_ms,mean,22.6142235,106.42300735,-83.80878385,-78.7506253928465
303,2,seed303-rep2,aged_short_prompt,baseline,short,queue_wait_ms,median,0.03102,27.728027,-27.697007,-99.88812763345909
303,2,seed303-rep2,aged_short_prompt,baseline,short,e2e_latency_ms,mean,9739.868773999999,10132.7224243,-392.8536503000014,-3.8770789709769526
303,2,seed303-rep2,aged_short_prompt,baseline,short,e2e_latency_ms,median,9602.491962,9876.7161815,-274.2242194999999,-2.7764715970440372
303,2,seed303-rep2,aged_short_prompt,baseline,medium,ttft_ms,mean,67.659419,66.35468130000001,1.3047376999999898,1.9663084419033892
303,2,seed303-rep2,aged_short_prompt,baseline,medium,ttft_ms,median,66.70781099999999,68.75527199999999,-2.0474609999999984,-2.977896734958737
303,2,seed303-rep2,aged_short_prompt,baseline,medium,queue_wait_ms,mean,29.3935023,30.098231,-0.7047286999999969,-2.3414289696959165
303,2,seed303-rep2,aged_short_prompt,baseline,medium,queue_wait_ms,median,26.278965499999998,27.9533785,-1.6744130000000013,-5.990020132986792
303,2,seed303-rep2,aged_short_prompt,baseline,medium,e2e_latency_ms,mean,8609.3476433,8751.061890699999,-141.7142473999993,-1.619394870816798
303,2,seed303-rep2,aged_short_prompt,baseline,medium,e2e_latency_ms,median,10119.9979135,10061.9748,58.023113499999454,0.5766573128368345
303,2,seed303-rep2,aged_short_prompt,baseline,long,ttft_ms,mean,116.66301204999999,78.57983365,38.083178399999994,48.464315373362965
303,2,seed303-rep2,aged_short_prompt,baseline,long,ttft_ms,median,88.6857415,71.11597950000001,17.569761999999997,24.70578641189916
303,2,seed303-rep2,aged_short_prompt,baseline,long,ttft_ms,p90,102.549881,105.217331,-2.6674500000000023,-2.535181205081131
303,2,seed303-rep2,aged_short_prompt,baseline,long,ttft_ms,p95,104.426477,119.771184,-15.344707,-12.811685154586096
303,2,seed303-rep2,aged_short_prompt,baseline,long,ttft_ms,max,742.561492,294.392332,448.16916000000003,152.2353374339927
303,2,seed303-rep2,aged_short_prompt,baseline,long,queue_wait_ms,mean,76.77470395,40.19613385,36.5785701,91.00021966416055
303,2,seed303-rep2,aged_short_prompt,baseline,long,queue_wait_ms,median,51.7843565,28.001925999999997,23.782430500000004,84.93140971803156
303,2,seed303-rep2,aged_short_prompt,baseline,long,queue_wait_ms,p90,57.8717,55.984966,1.886733999999997,3.3700726012765587
303,2,seed303-rep2,aged_short_prompt,baseline,long,queue_wait_ms,p95,64.288283,75.171602,-10.883318999999986,-14.477966027649625
303,2,seed303-rep2,aged_short_prompt,baseline,long,queue_wait_ms,max,700.185258,260.535102,439.650156,168.74891430176652
303,2,seed303-rep2,aged_short_prompt,baseline,long,e2e_latency_ms,mean,8846.0003455,8803.47545485,42.52489065000009,0.4830466202591878
303,2,seed303-rep2,aged_short_prompt,baseline,long,e2e_latency_ms,median,8244.7854145,8289.141699,-44.356284499999674,-0.5351131167820524
303,2,seed303-rep2,aged_short_prompt,baseline,long,e2e_latency_ms,p90,12830.482855,12915.281233,-84.7983779999995,-0.6565739953329865
303,2,seed303-rep2,aged_short_prompt,baseline,long,e2e_latency_ms,p95,14983.587637,14405.553684,578.0339530000001,4.012577132956801
303,2,seed303-rep2,aged_short_prompt,baseline,long,e2e_latency_ms,max,16424.062256,15902.639815,521.4224410000006,3.27884204802384
303,2,seed303-rep2,aged_short_prompt,short_prompt,overall,ttft_ms,mean,81.51465320000001,84.25376336666666,-2.7391101666666486,-3.2510241171616596
303,2,seed303-rep2,aged_short_prompt,short_prompt,overall,ttft_ms,median,66.176199,61.426323499999995,4.749875500000002,7.732638434725793
303,2,seed303-rep2,aged_short_prompt,short_prompt,overall,queue_wait_ms,mean,42.92747658333334,48.37007713333333,-5.4426005499999945,-11.251998906260434
303,2,seed303-rep2,aged_short_prompt,short_prompt,overall,queue_wait_ms,median,26.151388500000003,26.6419545,-0.4905659999999976,-1.841328870973027
303,2,seed303-rep2,aged_short_prompt,short_prompt,overall,e2e_latency_ms,mean,9065.072254266668,9080.891759033335,-15.819504766666796,-0.17420651172204688
303,2,seed303-rep2,aged_short_prompt,short_prompt,overall,e2e_latency_ms,median,9206.5302945,9251.381591000001,-44.8512965000009,-0.4848064698102333
303,2,seed303-rep2,aged_short_prompt,short_prompt,short,ttft_ms,mean,60.22152855,69.5326855,-9.311156949999997,-13.391050385936838
303,2,seed303-rep2,aged_short_prompt,short_prompt,short,ttft_ms,median,40.3336785,37.457897,2.875781499999995,7.677370408701788
303,2,seed303-rep2,aged_short_prompt,short_prompt,short,queue_wait_ms,mean,22.6142235,33.9858713,-11.371647799999998,-33.459927213930214
303,2,seed303-rep2,aged_short_prompt,short_prompt,short,queue_wait_ms,median,0.03102,0.029644,0.0013759999999999988,4.641748751855347
303,2,seed303-rep2,aged_short_prompt,short_prompt,short,e2e_latency_ms,mean,9739.868773999999,9759.20745345,-19.33867945000202,-0.19815829863485027
303,2,seed303-rep2,aged_short_prompt,short_prompt,short,e2e_latency_ms,median,9602.491962,9644.3737685,-41.881806499999584,-0.4342615446613234
303,2,seed303-rep2,aged_short_prompt,short_prompt,medium,ttft_ms,mean,67.659419,64.54440650000001,3.1150124999999917,4.826154068052344
303,2,seed303-rep2,aged_short_prompt,short_prompt,medium,ttft_ms,median,66.70781099999999,62.030037,4.677773999999992,7.541143333511139
303,2,seed303-rep2,aged_short_prompt,short_prompt,medium,queue_wait_ms,mean,29.3935023,30.010776850000003,-0.6172745500000012,-2.056842957065942
303,2,seed303-rep2,aged_short_prompt,short_prompt,medium,queue_wait_ms,median,26.278965499999998,26.8740015,-0.5950360000000003,-2.214169705988892
303,2,seed303-rep2,aged_short_prompt,short_prompt,medium,e2e_latency_ms,mean,8609.3476433,8597.8258845,11.521758799999589,0.13400781726425515
303,2,seed303-rep2,aged_short_prompt,short_prompt,medium,e2e_latency_ms,median,10119.9979135,10126.736604500002,-6.738691000002291,-0.06654355952151288
303,2,seed303-rep2,aged_short_prompt,short_prompt,long,ttft_ms,mean,116.66301204999999,118.6841981,-2.0211860500000114,-1.7029950763091615
303,2,seed303-rep2,aged_short_prompt,short_prompt,long,ttft_ms,median,88.6857415,85.88542749999999,2.8003140000000144,3.260522863439219
303,2,seed303-rep2,aged_short_prompt,short_prompt,long,ttft_ms,p90,102.549881,98.285298,4.264583000000002,4.338983639241753
303,2,seed303-rep2,aged_short_prompt,short_prompt,long,ttft_ms,p95,104.426477,100.192272,4.234205000000003,4.226079432553443
303,2,seed303-rep2,aged_short_prompt,short_prompt,long,ttft_ms,max,742.561492,863.080723,-120.51923099999999,-13.96384229056637
303,2,seed303-rep2,aged_short_prompt,short_prompt,long,queue_wait_ms,mean,76.77470395,81.11358325,-4.338879300000002,-5.349140213208374
303,2,seed303-rep2,aged_short_prompt,short_prompt,long,queue_wait_ms,median,51.7843565,52.020641499999996,-0.2362849999999952,-0.4542139296763482
303,2,seed303-rep2,aged_short_prompt,short_prompt,long,queue_wait_ms,p90,57.8717,53.285765,4.585934999999999,8.606304141453162
303,2,seed303-rep2,aged_short_prompt,short_prompt,long,queue_wait_ms,p95,64.288283,54.805309,9.482974000000006,17.303020771217632
303,2,seed303-rep2,aged_short_prompt,short_prompt,long,queue_wait_ms,max,700.185258,813.47313,-113.287872,-13.926443028302605
303,2,seed303-rep2,aged_short_prompt,short_prompt,long,e2e_latency_ms,mean,8846.0003455,8885.64193915,-39.64159364999978,-0.4461308920781461
303,2,seed303-rep2,aged_short_prompt,short_prompt,long,e2e_latency_ms,median,8244.7854145,8357.3200995,-112.53468500000054,-1.3465403222587253
303,2,seed303-rep2,aged_short_prompt,short_prompt,long,e2e_latency_ms,p90,12830.482855,12756.734039,73.74881599999935,0.5781167481781294
303,2,seed303-rep2,aged_short_prompt,short_prompt,long,e2e_latency_ms,p95,14983.587637,14925.277289,58.310348000000886,0.3906818404169676
303,2,seed303-rep2,aged_short_prompt,short_prompt,long,e2e_latency_ms,max,16424.062256,16340.39422,83.66803600000094,0.5120319306470253
303,3,seed303-rep3,short_prompt,baseline,overall,ttft_ms,mean,89.0821835,82.61517868333334,6.467004816666659,7.827865193459059
303,3,seed303-rep3,short_prompt,baseline,overall,ttft_ms,median,67.89069699999999,65.024806,2.8658909999999906,4.40738108468942
303,3,seed303-rep3,short_prompt,baseline,overall,queue_wait_ms,mean,51.16676878333333,46.16732315,4.99944563333333,10.828970129131973
303,3,seed303-rep3,short_prompt,baseline,overall,queue_wait_ms,median,27.0893535,26.398447,0.6909065000000005,2.6172240359442376
303,3,seed303-rep3,short_prompt,baseline,overall,e2e_latency_ms,mean,9100.723535383333,8899.345104766666,201.37843061666717,2.262845504314749
303,3,seed303-rep3,short_prompt,baseline,overall,e2e_latency_ms,median,9227.2169245,9066.494548,160.72237649999988,1.7727069227152847
303,3,seed303-rep3,short_prompt,baseline,short,ttft_ms,mean,74.65908775,116.58546395,-41.92637620000001,-35.961924222372154
303,3,seed303-rep3,short_prompt,baseline,short,ttft_ms,median,41.014396500000004,65.024806,-24.010409499999994,-36.924999822375476
303,3,seed303-rep3,short_prompt,baseline,short,queue_wait_ms,mean,36.1172624,79.34174965,-43.224487249999996,-54.47886823857053
303,3,seed303-rep3,short_prompt,baseline,short,queue_wait_ms,median,0.02849,26.398447,-26.369957,-99.89207698468019
303,3,seed303-rep3,short_prompt,baseline,short,e2e_latency_ms,mean,9771.0014166,9789.81116805,-18.809751450000476,-0.19213599861239333
303,3,seed303-rep3,short_prompt,baseline,short,e2e_latency_ms,median,9619.581204,9611.705014,7.876190000000861,0.08194373410886767
303,3,seed303-rep3,short_prompt,baseline,medium,ttft_ms,mean,69.3870629,64.9081653,4.4788976000000105,6.900360808688596
303,3,seed303-rep3,short_prompt,baseline,medium,ttft_ms,median,67.854119,63.042646,4.8114729999999994,7.632092409319241
303,3,seed303-rep3,short_prompt,baseline,medium,queue_wait_ms,mean,31.836832249999997,29.1969942,2.639838049999998,9.041471981386351
303,3,seed303-rep3,short_prompt,baseline,medium,queue_wait_ms,median,28.0031925,26.1667395,1.8364530000000023,7.018272184809279
303,3,seed303-rep3,short_prompt,baseline,medium,e2e_latency_ms,mean,8638.11732865,8427.3534172,210.7639114499998,2.5009501917866213
303,3,seed303-rep3,short_prompt,baseline,medium,e2e_latency_ms,median,10118.249566999999,9763.038210499999,355.21135649999997,3.6383280372494657
303,3,seed303-rep3,short_prompt,baseline,long,ttft_ms,mean,123.20039984999998,66.3519068,56.84849304999999,85.67725600012446
303,3,seed303-rep3,short_prompt,baseline,long,ttft_ms,median,90.760694,66.6759025,24.084791499999994,36.12218297307635
303,3,seed303-rep3,short_prompt,baseline,long,ttft_ms,p90,107.029149,93.446757,13.582391999999999,14.534899268895975
303,3,seed303-rep3,short_prompt,baseline,long,ttft_ms,p95,109.17737,98.076518,11.100852000000003,11.318562512588391
303,3,seed303-rep3,short_prompt,baseline,long,ttft_ms,max,874.736781,113.825939,760.910842,668.4863298162644
303,3,seed303-rep3,short_prompt,baseline,long,queue_wait_ms,mean,85.5462117,29.963225599999998,55.5829861,185.5040136266237
303,3,seed303-rep3,short_prompt,baseline,long,queue_wait_ms,median,53.545754,27.5726765,25.973077500000002,94.19860817646776
303,3,seed303-rep3,short_prompt,baseline,long,queue_wait_ms,p90,62.77941,54.86611,7.9133,14.422928835304708
303,3,seed303-rep3,short_prompt,baseline,long,queue_wait_ms,p95,69.50015,55.081454,14.418696000000004,26.177043184081533
303,3,seed303-rep3,short_prompt,baseline,long,queue_wait_ms,max,845.891615,86.556565,759.33505,877.2703145047403
303,3,seed303-rep3,short_prompt,baseline,long,e2e_latency_ms,mean,8893.051860900001,8480.870729049999,412.1811318500022,4.8601275154228585
303,3,seed303-rep3,short_prompt,baseline,long,e2e_latency_ms,median,8299.8975595,8024.326545,275.57101449999936,3.4341949190952246
303,3,seed303-rep3,short_prompt,baseline,long,e2e_latency_ms,p90,12791.553775,12487.522023,304.0317520000008,2.4346844108865104
303,3,seed303-rep3,short_prompt,baseline,long,e2e_latency_ms,p95,14966.893623,13935.128927,1031.7646960000002,7.404055616600038
303,3,seed303-rep3,short_prompt,baseline,long,e2e_latency_ms,max,16379.584054,15350.152694,1029.4313600000005,6.706326513627322
303,3,seed303-rep3,aged_short_prompt,baseline,overall,ttft_ms,mean,78.93233285,82.61517868333334,-3.682845833333346,-4.45783195295118
303,3,seed303-rep3,aged_short_prompt,baseline,overall,ttft_ms,median,66.4292675,65.024806,1.4044614999999965,2.1598857211507814
303,3,seed303-rep3,aged_short_prompt,baseline,overall,queue_wait_ms,mean,41.478965450000004,46.16732315,-4.688357699999997,-10.155143032155628
303,3,seed303-rep3,aged_short_prompt,baseline,overall,queue_wait_ms,median,25.9958745,26.398447,-0.40257250000000155,-1.5249855417631255
303,3,seed303-rep3,aged_short_prompt,baseline,overall,e2e_latency_ms,mean,8912.171316366666,8899.345104766666,12.826211600000534,0.1441253423595244
303,3,seed303-rep3,aged_short_prompt,baseline,overall,e2e_latency_ms,median,9035.4358995,9066.494548,-31.058648500000345,-0.3425651263072964
303,3,seed303-rep3,aged_short_prompt,baseline,short,ttft_ms,mean,56.051601749999996,116.58546395,-60.53386220000001,-51.92230673453525
303,3,seed303-rep3,aged_short_prompt,baseline,short,ttft_ms,median,40.915758499999995,65.024806,-24.109047500000003,-37.07669270093632
303,3,seed303-rep3,aged_short_prompt,baseline,short,queue_wait_ms,mean,21.2251278,79.34174965,-58.11662185,-73.24847524332355
303,3,seed303-rep3,aged_short_prompt,baseline,short,queue_wait_ms,median,0.02998,26.398447,-26.368467000000003,-99.88643271325772
303,3,seed303-rep3,aged_short_prompt,baseline,short,e2e_latency_ms,mean,9574.5124986,9789.81116805,-215.2986694500014,-2.1992116676637186
303,3,seed303-rep3,aged_short_prompt,baseline,short,e2e_latency_ms,median,9418.924823000001,9611.705014,-192.780190999998,-2.005681517682894
303,3,seed303-rep3,aged_short_prompt,baseline,medium,ttft_ms,mean,68.02854095000001,64.9081653,3.120375650000014,4.807369975068474
303,3,seed303-rep3,aged_short_prompt,baseline,medium,ttft_ms,median,69.305336,63.042646,6.262689999999999,9.93405321217006
303,3,seed303-rep3,aged_short_prompt,baseline,medium,queue_wait_ms,mean,29.261936199999997,29.1969942,0.0649419999999985,0.2224270058593857
303,3,seed303-rep3,aged_short_prompt,baseline,medium,queue_wait_ms,median,26.123952,26.1667395,-0.04278749999999931,-0.1635186531359756
303,3,seed303-rep3,aged_short_prompt,baseline,medium,e2e_latency_ms,mean,8444.8087562,8427.3534172,17.455339000000095,0.20712717428432775
303,3,seed303-rep3,aged_short_prompt,baseline,medium,e2e_latency_ms,median,9904.1932545,9763.038210499999,141.155044000001,1.4458106273535927
303,3,seed303-rep3,aged_short_prompt,baseline,long,ttft_ms,mean,112.71685585,66.3519068,46.36494905000001,69.87734231927153
303,3,seed303-rep3,aged_short_prompt,baseline,long,ttft_ms,median,82.8624285,66.6759025,16.186525999999986,24.27642580466006
303,3,seed303-rep3,aged_short_prompt,baseline,long,ttft_ms,p90,98.318264,93.446757,4.871506999999994,5.213136502960712
303,3,seed303-rep3,aged_short_prompt,baseline,long,ttft_ms,p95,98.689847,98.076518,0.6133290000000073,0.6253576416732162
303,3,seed303-rep3,aged_short_prompt,baseline,long,ttft_ms,max,720.394291,113.825939,606.568352,532.8911470697377
303,3,seed303-rep3,aged_short_prompt,baseline,long,queue_wait_ms,mean,73.94983235,29.963225599999998,43.98660674999999,146.801974317478
303,3,seed303-rep3,aged_short_prompt,baseline,long,queue_wait_ms,median,51.6613185,27.5726765,24.088642,87.36417735869784
303,3,seed303-rep3,aged_short_prompt,baseline,long,queue_wait_ms,p90,53.004089,54.86611,-1.8620209999999986,-3.3937543594761843
303,3,seed303-rep3,aged_short_prompt,baseline,long,queue_wait_ms,p95,55.569948,55.081454,0.48849399999999576,0.8868574892739682
303,3,seed303-rep3,aged_short_prompt,baseline,long,queue_wait_ms,max,675.840658,86.556565,589.284093,680.808085441006
303,3,seed303-rep3,aged_short_prompt,baseline,long,e2e_latency_ms,mean,8717.1926943,8480.870729049999,236.32196525000109,2.7865295062276365
303,3,seed303-rep3,aged_short_prompt,baseline,long,e2e_latency_ms,median,8126.0932875,8024.326545,101.76674249999996,1.2682278310746384
303,3,seed303-rep3,aged_short_prompt,baseline,long,e2e_latency_ms,p90,12610.949105,12487.522023,123.42708200000015,0.988403317909409
303,3,seed303-rep3,aged_short_prompt,baseline,long,e2e_latency_ms,p95,14702.841193,13935.128927,767.7122660000005,5.5091866750692216
303,3,seed303-rep3,aged_short_prompt,baseline,long,e2e_latency_ms,max,16135.824592,15350.152694,785.6718980000005,5.11833278575203
303,3,seed303-rep3,aged_short_prompt,short_prompt,overall,ttft_ms,mean,78.93233285,89.0821835,-10.149850650000005,-11.393805417892574
303,3,seed303-rep3,aged_short_prompt,short_prompt,overall,ttft_ms,median,66.4292675,67.89069699999999,-1.4614294999999942,-2.1526211463110982
303,3,seed303-rep3,aged_short_prompt,short_prompt,overall,queue_wait_ms,mean,41.478965450000004,51.16676878333333,-9.687803333333328,-18.933779802192547
303,3,seed303-rep3,aged_short_prompt,short_prompt,overall,queue_wait_ms,median,25.9958745,27.0893535,-1.093479000000002,-4.036563663285659
303,3,seed303-rep3,aged_short_prompt,short_prompt,overall,e2e_latency_ms,mean,8912.171316366666,9100.723535383333,-188.55221901666664,-2.07183767624169
303,3,seed303-rep3,aged_short_prompt,short_prompt,overall,e2e_latency_ms,median,9035.4358995,9227.2169245,-191.78102500000023,-2.078427618741524
303,3,seed303-rep3,aged_short_prompt,short_prompt,short,ttft_ms,mean,56.051601749999996,74.65908775,-18.607486,-24.92326997392223
303,3,seed303-rep3,aged_short_prompt,short_prompt,short,ttft_ms,median,40.915758499999995,41.014396500000004,-0.09863800000000822,-0.2404960414326911
303,3,seed303-rep3,aged_short_prompt,short_prompt,short,queue_wait_ms,mean,21.2251278,36.1172624,-14.892134600000002,-41.2327336304426
303,3,seed303-rep3,aged_short_prompt,short_prompt,short,queue_wait_ms,median,0.02998,0.02849,0.0014899999999999983,5.229905229905223
303,3,seed303-rep3,aged_short_prompt,short_prompt,short,e2e_latency_ms,mean,9574.5124986,9771.0014166,-196.48891800000092,-2.0109394075635376
303,3,seed303-rep3,aged_short_prompt,short_prompt,short,e2e_latency_ms,median,9418.924823000001,9619.581204,-200.65638099999887,-2.0859159743520044
303,3,seed303-rep3,aged_short_prompt,short_prompt,medium,ttft_ms,mean,68.02854095000001,69.3870629,-1.3585219499999965,-1.9578894007343788
303,3,seed303-rep3,aged_short_prompt,short_prompt,medium,ttft_ms,median,69.305336,67.854119,1.4512169999999998,2.1387308852982083
303,3,seed303-rep3,aged_short_prompt,short_prompt,medium,queue_wait_ms,mean,29.261936199999997,31.836832249999997,-2.5748960499999995,-8.087789732912263
303,3,seed303-rep3,aged_short_prompt,short_prompt,medium,queue_wait_ms,median,26.123952,28.0031925,-1.8792405000000016,-6.710808062330756
303,3,seed303-rep3,aged_short_prompt,short_prompt,medium,e2e_latency_ms,mean,8444.8087562,8638.11732865,-193.3085724499997,-2.2378553693506125
303,3,seed303-rep3,aged_short_prompt,short_prompt,medium,e2e_latency_ms,median,9904.1932545,10118.249566999999,-214.05631249999897,-2.115546874808558
303,3,seed303-rep3,aged_short_prompt,short_prompt,long,ttft_ms,mean,112.71685585,123.20039984999998,-10.48354399999998,-8.509342512495087
303,3,seed303-rep3,aged_short_prompt,short_prompt,long,ttft_ms,median,82.8624285,90.760694,-7.898265500000008,-8.702297384372146
303,3,seed303-rep3,aged_short_prompt,short_prompt,long,ttft_ms,p90,98.318264,107.029149,-8.710885000000005,-8.138796843091788
303,3,seed303-rep3,aged_short_prompt,short_prompt,long,ttft_ms,p95,98.689847,109.17737,-10.487522999999996,-9.605949474694249
303,3,seed303-rep3,aged_short_prompt,short_prompt,long,ttft_ms,max,720.394291,874.736781,-154.34249,-17.644449547846325
303,3,seed303-rep3,aged_short_prompt,short_prompt,long,queue_wait_ms,mean,73.94983235,85.5462117,-11.596379350000007,-13.555690099600291
303,3,seed303-rep3,aged_short_prompt,short_prompt,long,queue_wait_ms,median,51.6613185,53.545754,-1.8844355000000022,-3.51929958816156
303,3,seed303-rep3,aged_short_prompt,short_prompt,long,queue_wait_ms,p90,53.004089,62.77941,-9.775320999999998,-15.570902944134069
303,3,seed303-rep3,aged_short_prompt,short_prompt,long,queue_wait_ms,p95,55.569948,69.50015,-13.930202000000008,-20.043412855943487
303,3,seed303-rep3,aged_short_prompt,short_prompt,long,queue_wait_ms,max,675.840658,845.891615,-170.05095700000004,-20.103161443443327
303,3,seed303-rep3,aged_short_prompt,short_prompt,long,e2e_latency_ms,mean,8717.1926943,8893.051860900001,-175.85916660000112,-1.977489497988868
303,3,seed303-rep3,aged_short_prompt,short_prompt,long,e2e_latency_ms,median,8126.0932875,8299.8975595,-173.8042719999994,-2.0940532187781566
303,3,seed303-rep3,aged_short_prompt,short_prompt,long,e2e_latency_ms,p90,12610.949105,12791.553775,-180.60467000000062,-1.4119056463099662
303,3,seed303-rep3,aged_short_prompt,short_prompt,long,e2e_latency_ms,p95,14702.841193,14966.893623,-264.05242999999973,-1.764243380431486
303,3,seed303-rep3,aged_short_prompt,short_prompt,long,e2e_latency_ms,max,16135.824592,16379.584054,-243.75946199999998,-1.4881907940786343
303,4,seed303-rep4,short_prompt,baseline,overall,ttft_ms,mean,104.256249,54.024609299999995,50.2316397,92.97918180409684
303,4,seed303-rep4,short_prompt,baseline,overall,ttft_ms,median,71.57840049999999,52.959078,18.61932249999999,35.157943082015116
303,4,seed303-rep4,short_prompt,baseline,overall,queue_wait_ms,mean,63.54399111666667,23.121187066666668,40.422804049999996,174.83014143454903
303,4,seed303-rep4,short_prompt,baseline,overall,queue_wait_ms,median,28.5568555,23.192493,5.364362500000002,23.12973641945263
303,4,seed303-rep4,short_prompt,baseline,overall,e2e_latency_ms,mean,9312.543873166667,7486.925033183334,1825.6188399833336,24.384094029149196
303,4,seed303-rep4,short_prompt,baseline,overall,e2e_latency_ms,median,9612.69889,7399.008600499999,2213.6902895000003,29.918741942676036
303,4,seed303-rep4,short_prompt,baseline,short,ttft_ms,mean,93.6787369,53.921371750000006,39.75736515,73.73211003297591
303,4,seed303-rep4,short_prompt,baseline,short,ttft_ms,median,44.6357195,53.4690085,-8.833289,-16.52039049873162
303,4,seed303-rep4,short_prompt,baseline,short,queue_wait_ms,mean,55.27588065,22.0141392,33.26174145,151.0926280051868
303,4,seed303-rep4,short_prompt,baseline,short,queue_wait_ms,median,0.039956500000000006,23.6092595,-23.569303,-99.83075919852547
303,4,seed303-rep4,short_prompt,baseline,short,e2e_latency_ms,mean,9980.5638593,8519.6665347,1460.8973246000005,17.14735334593049
303,4,seed303-rep4,short_prompt,baseline,short,e2e_latency_ms,median,9988.285907,7840.9739525,2147.311954499999,27.385780994915237
303,4,seed303-rep4,short_prompt,baseline,medium,ttft_ms,mean,81.93867625,54.459061399999996,27.479614850000004,50.459214947101536
303,4,seed303-rep4,short_prompt,baseline,medium,ttft_ms,median,71.50434150000001,56.087072,15.41726950000001,27.488098326830134
303,4,seed303-rep4,short_prompt,baseline,medium,queue_wait_ms,mean,38.736127249999996,25.3341514,13.401975849999996,52.900827970894646
303,4,seed303-rep4,short_prompt,baseline,medium,queue_wait_ms,median,29.7131185,23.096076500000002,6.617041999999998,28.65006963412161
303,4,seed303-rep4,short_prompt,baseline,medium,e2e_latency_ms,mean,8806.189373199999,6893.33595545,1912.8534177499987,27.749313686614403
303,4,seed303-rep4,short_prompt,baseline,medium,e2e_latency_ms,median,10437.443739,7978.564547999999,2458.879191000001,30.81856612435845
303,4,seed303-rep4,short_prompt,baseline,long,ttft_ms,mean,137.15133385,53.69339475,83.45793909999998,155.43427546085633
303,4,seed303-rep4,short_prompt,baseline,long,ttft_ms,median,89.9692255,52.235910000000004,37.73331549999999,72.23635139121724
303,4,seed303-rep4,short_prompt,baseline,long,ttft_ms,p90,108.03037,78.982297,29.048073000000002,36.77795417876996
303,4,seed303-rep4,short_prompt,baseline,long,ttft_ms,p95,111.678806,81.002828,30.675978,37.87025559157021
303,4,seed303-rep4,short_prompt,baseline,long,ttft_ms,max,1101.77754,85.015589,1016.7619510000001,1195.9711894720863
303,4,seed303-rep4,short_prompt,baseline,long,queue_wait_ms,mean,96.61996545000001,22.0152706,74.60469485000002,338.8770286112223
303,4,seed303-rep4,short_prompt,baseline,long,queue_wait_ms,median,55.355671,22.416339999999998,32.939331,146.94339486285452
303,4,seed303-rep4,short_prompt,baseline,long,queue_wait_ms,p90,59.683976,46.72903,12.954946,27.72355000735089
303,4,seed303-rep4,short_prompt,baseline,long,queue_wait_ms,p95,61.047268,46.902584,14.144684000000005,30.15757937771617
303,4,seed303-rep4,short_prompt,baseline,long,queue_wait_ms,max,1057.568502,48.229293,1009.3392090000001,2092.7928779714853
303,4,seed303-rep4,short_prompt,baseline,long,e2e_latency_ms,mean,9150.878387,7047.7726094,2103.1057776000007,29.840715558770633
303,4,seed303-rep4,short_prompt,baseline,long,e2e_latency_ms,median,8733.9140435,6531.668245,2202.245798500001,33.71643684116723
303,4,seed303-rep4,short_prompt,baseline,long,e2e_latency_ms,p90,12958.899386,10287.906018,2670.9933679999995,25.96245886506697
303,4,seed303-rep4,short_prompt,baseline,long,e2e_latency_ms,p95,14926.001254,11463.204927,3462.796327,30.207924826013187
303,4,seed303-rep4,short_prompt,baseline,long,e2e_latency_ms,max,16330.613471,14955.034247,1375.579224000001,9.19810146389965
303,4,seed303-rep4,aged_short_prompt,baseline,overall,ttft_ms,mean,79.3530024,54.024609299999995,25.3283931,46.88306575129642
303,4,seed303-rep4,aged_short_prompt,baseline,overall,ttft_ms,median,62.968816000000004,52.959078,10.009738000000006,18.90089174135548
303,4,seed303-rep4,aged_short_prompt,baseline,overall,queue_wait_ms,mean,42.84867891666667,23.121187066666668,19.727491850000003,85.32214108695447
303,4,seed303-rep4,aged_short_prompt,baseline,overall,queue_wait_ms,median,26.620351,23.192493,3.4278580000000005,14.780032487236282
303,4,seed303-rep4,aged_short_prompt,baseline,overall,e2e_latency_ms,mean,9036.779103983334,7486.925033183334,1549.8540708,20.700809263225977
303,4,seed303-rep4,aged_short_prompt,baseline,overall,e2e_latency_ms,median,9109.964959500001,7399.008600499999,1710.9563590000016,23.124129885244102
303,4,seed303-rep4,aged_short_prompt,baseline,short,ttft_ms,mean,60.094554800000004,53.921371750000006,6.173183049999999,11.448490365974411
303,4,seed303-rep4,aged_short_prompt,baseline,short,ttft_ms,median,42.279326,53.4690085,-11.189682500000004,-20.927417234602366
303,4,seed303-rep4,aged_short_prompt,baseline,short,queue_wait_ms,mean,23.385816350000002,22.0141392,1.3716771500000036,6.230891598977459
303,4,seed303-rep4,aged_short_prompt,baseline,short,queue_wait_ms,median,0.0302225,23.6092595,-23.579037,-99.8719887847393
303,4,seed303-rep4,aged_short_prompt,baseline,short,e2e_latency_ms,mean,9707.152494400001,8519.6665347,1187.4859597000013,13.938174162843756
303,4,seed303-rep4,aged_short_prompt,baseline,short,e2e_latency_ms,median,9497.856292,7840.9739525,1656.8823395,21.1310782249407
303,4,seed303-rep4,aged_short_prompt,baseline,medium,ttft_ms,mean,63.371973149999995,54.459061399999996,8.91291175,16.366260307967774
303,4,seed303-rep4,aged_short_prompt,baseline,medium,ttft_ms,median,58.527292,56.087072,2.4402200000000036,4.350770887094987
303,4,seed303-rep4,aged_short_prompt,baseline,medium,queue_wait_ms,mean,29.330755599999996,25.3341514,3.9966041999999966,15.775559784489156
303,4,seed303-rep4,aged_short_prompt,baseline,medium,queue_wait_ms,median,26.620351,23.096076500000002,3.524274499999997,15.259191317624863
303,4,seed303-rep4,aged_short_prompt,baseline,medium,e2e_latency_ms,mean,8571.0610069,6893.33595545,1677.7250514499992,24.338361894628946
303,4,seed303-rep4,aged_short_prompt,baseline,medium,e2e_latency_ms,median,9980.2452545,7978.564547999999,2001.6807065000003,25.088231027745024
303,4,seed303-rep4,aged_short_prompt,baseline,long,ttft_ms,mean,114.59247925,53.69339475,60.899084499999994,113.42006737243968
303,4,seed303-rep4,aged_short_prompt,baseline,long,ttft_ms,median,83.82506599999999,52.235910000000004,31.58915599999999,60.474022564170866
303,4,seed303-rep4,aged_short_prompt,baseline,long,ttft_ms,p90,101.448379,78.982297,22.466082,28.444452558780355
303,4,seed303-rep4,aged_short_prompt,baseline,long,ttft_ms,p95,107.814732,81.002828,26.811904000000013,33.09996041125875
303,4,seed303-rep4,aged_short_prompt,baseline,long,ttft_ms,max,732.739226,85.015589,647.723637,761.888077961796
303,4,seed303-rep4,aged_short_prompt,baseline,long,queue_wait_ms,mean,75.82946480000001,22.0152706,53.81419420000001,244.44030317755897
303,4,seed303-rep4,aged_short_prompt,baseline,long,queue_wait_ms,median,51.782762500000004,22.416339999999998,29.366422500000006,131.00453731519067
303,4,seed303-rep4,aged_short_prompt,baseline,long,queue_wait_ms,p90,56.158561,46.72903,9.429530999999997,20.179171277469266
303,4,seed303-rep4,aged_short_prompt,baseline,long,queue_wait_ms,p95,57.962722,46.902584,11.060138000000002,23.581084573080243
303,4,seed303-rep4,aged_short_prompt,baseline,long,queue_wait_ms,max,695.782948,48.229293,647.553655,1342.6563292146955
303,4,seed303-rep4,aged_short_prompt,baseline,long,e2e_latency_ms,mean,8832.12381065,7047.7726094,1784.3512012500005,25.31794511744198
303,4,seed303-rep4,aged_short_prompt,baseline,long,e2e_latency_ms,median,8230.4827035,6531.668245,1698.8144585,26.008890757739334
303,4,seed303-rep4,aged_short_prompt,baseline,long,e2e_latency_ms,p90,12784.063071,10287.906018,2496.157053000001,24.263023482452667
303,4,seed303-rep4,aged_short_prompt,baseline,long,e2e_latency_ms,p95,14962.956161,11463.204927,3499.7512339999994,30.530303316455743
303,4,seed303-rep4,aged_short_prompt,baseline,long,e2e_latency_ms,max,16430.794601,14955.034247,1475.7603540000018,9.867983781421572
303,4,seed303-rep4,aged_short_prompt,short_prompt,overall,ttft_ms,mean,79.3530024,104.256249,-24.903246600000003,-23.88657451123146
303,4,seed303-rep4,aged_short_prompt,short_prompt,overall,ttft_ms,median,62.968816000000004,71.57840049999999,-8.609584499999983,-12.028187888886933
303,4,seed303-rep4,aged_short_prompt,short_prompt,overall,queue_wait_ms,mean,42.84867891666667,63.54399111666667,-20.695312199999996,-32.56848025488899
303,4,seed303-rep4,aged_short_prompt,short_prompt,overall,queue_wait_ms,median,26.620351,28.5568555,-1.9365045000000016,-6.781224564448286
303,4,seed303-rep4,aged_short_prompt,short_prompt,overall,e2e_latency_ms,mean,9036.779103983334,9312.543873166667,-275.76476918333356,-2.9612184698310755
303,4,seed303-rep4,aged_short_prompt,short_prompt,overall,e2e_latency_ms,median,9109.964959500001,9612.69889,-502.7339304999987,-5.229893667250808
303,4,seed303-rep4,aged_short_prompt,short_prompt,short,ttft_ms,mean,60.094554800000004,93.6787369,-33.5841821,-35.850378870768054
303,4,seed303-rep4,aged_short_prompt,short_prompt,short,ttft_ms,median,42.279326,44.6357195,-2.356393500000003,-5.279165489871857
303,4,seed303-rep4,aged_short_prompt,short_prompt,short,queue_wait_ms,mean,23.385816350000002,55.27588065,-31.890064299999995,-57.69254858538377
303,4,seed303-rep4,aged_short_prompt,short_prompt,short,queue_wait_ms,median,0.0302225,0.039956500000000006,-0.009734000000000007,-24.361493123772117
303,4,seed303-rep4,aged_short_prompt,short_prompt,short,e2e_latency_ms,mean,9707.152494400001,9980.5638593,-273.41136489999917,-2.7394380593560497
303,4,seed303-rep4,aged_short_prompt,short_prompt,short,e2e_latency_ms,median,9497.856292,9988.285907,-490.4296149999991,-4.910047825686445
303,4,seed303-rep4,aged_short_prompt,short_prompt,medium,ttft_ms,mean,63.371973149999995,81.93867625,-18.566703100000005,-22.659266600001978
303,4,seed303-rep4,aged_short_prompt,short_prompt,medium,ttft_ms,median,58.527292,71.50434150000001,-12.977049500000007,-18.14861759128291
303,4,seed303-rep4,aged_short_prompt,short_prompt,medium,queue_wait_ms,mean,29.330755599999996,38.736127249999996,-9.40537165,-24.280619457124487
303,4,seed303-rep4,aged_short_prompt,short_prompt,medium,queue_wait_ms,median,26.620351,29.7131185,-3.092767500000001,-10.408761032605854
303,4,seed303-rep4,aged_short_prompt,short_prompt,medium,e2e_latency_ms,mean,8571.0610069,8806.189373199999,-235.12836629999947,-2.6700353164737627
303,4,seed303-rep4,aged_short_prompt,short_prompt,medium,e2e_latency_ms,median,9980.2452545,10437.443739,-457.19848450000063,-4.380368373068752
303,4,seed303-rep4,aged_short_prompt,short_prompt,long,ttft_ms,mean,114.59247925,137.15133385,-22.55885459999999,-16.44814816359877
303,4,seed303-rep4,aged_short_prompt,short_prompt,long,ttft_ms,median,83.82506599999999,89.9692255,-6.144159500000001,-6.829179050785539
303,4,seed303-rep4,aged_short_prompt,short_prompt,long,ttft_ms,p90,101.448379,108.03037,-6.581991000000002,-6.092722814889926
303,4,seed303-rep4,aged_short_prompt,short_prompt,long,ttft_ms,p95,107.814732,111.678806,-3.864073999999988,-3.459988639205176
303,4,seed303-rep4,aged_short_prompt,short_prompt,long,ttft_ms,max,732.739226,1101.77754,-369.038314,-33.494811847407966
303,4,seed303-rep4,aged_short_prompt,short_prompt,long,queue_wait_ms,mean,75.82946480000001,96.61996545000001,-20.79050065,-21.517810064586396
303,4,seed303-rep4,aged_short_prompt,short_prompt,long,queue_wait_ms,median,51.782762500000004,55.355671,-3.572908499999997,-6.454457936206747
303,4,seed303-rep4,aged_short_prompt,short_prompt,long,queue_wait_ms,p90,56.158561,59.683976,-3.5254150000000024,-5.906803192870399
303,4,seed303-rep4,aged_short_prompt,short_prompt,long,queue_wait_ms,p95,57.962722,61.047268,-3.084546000000003,-5.052717510634551
303,4,seed303-rep4,aged_short_prompt,short_prompt,long,queue_wait_ms,max,695.782948,1057.568502,-361.78555400000005,-34.20918392669755
303,4,seed303-rep4,aged_short_prompt,short_prompt,long,e2e_latency_ms,mean,8832.12381065,9150.878387,-318.7545763500002,-3.4833221781510293
303,4,seed303-rep4,aged_short_prompt,short_prompt,long,e2e_latency_ms,median,8230.4827035,8733.9140435,-503.431340000001,-5.764097717158864
303,4,seed303-rep4,aged_short_prompt,short_prompt,long,e2e_latency_ms,p90,12784.063071,12958.899386,-174.83631499999865,-1.3491602164060406
303,4,seed303-rep4,aged_short_prompt,short_prompt,long,e2e_latency_ms,p95,14962.956161,14926.001254,36.954906999999366,0.2475874574249809
303,4,seed303-rep4,aged_short_prompt,short_prompt,long,e2e_latency_ms,max,16430.794601,16330.613471,100.18113000000085,0.6134560111774312
